company_id,company_name,year,year_num,capital_allocation
ABB,Abbott India Ltd,Dec 2012,2012,Reinvestor
ABB,Abbott India Ltd,Mar 2014,2014,Reinvestor
ABB,Abbott India Ltd,Mar 2015,2015,Reinvestor
ABB,Abbott India Ltd,Mar 2016,2016,Reinvestor
ABB,Abbott India Ltd,Mar 2017,2017,Shareholder Returns
ABB,Abbott India Ltd,Mar 2018,2018,Reinvestor
ABB,Abbott India Ltd,Mar 2019,2019,Shareholder Returns
ABB,Abbott India Ltd,Mar 2020,2020,Shareholder Returns
ABB,Abbott India Ltd,Mar 2021,2021,Shareholder Returns
ABB,Abbott India Ltd,Mar 2022,2022,Shareholder Returns
ABB,Abbott India Ltd,Mar 2023,2023,Reinvestor
ABB,Abbott India Ltd,Mar 2024,2024,Shareholder Returns
ADANIENSOL,Adani Energy Solutions Ltd,Mar 2014,2014,Cash Accumulator
ADANIENSOL,Adani Energy Solutions Ltd,Mar 2015,2015,Growth Funded by Debt
ADANIENSOL,Adani Energy Solutions Ltd,Mar 2016,2016,Shareholder Returns
ADANIENSOL,Adani Energy Solutions Ltd,Mar 2017,2017,Shareholder Returns
ADANIENSOL,Adani Energy Solutions Ltd,Mar 2018,2018,Mixed
ADANIENSOL,Adani Energy Solutions Ltd,Mar 2019,2019,Mixed
ADANIENSOL,Adani Energy Solutions Ltd,Mar 2020,2020,Mixed
ADANIENSOL,Adani Energy Solutions Ltd,Mar 2021,2021,Shareholder Returns
ADANIENSOL,Adani Energy Solutions Ltd,Mar 2022,2022,Shareholder Returns
ADANIENSOL,Adani Energy Solutions Ltd,Mar 2023,2023,Mixed
ADANIENSOL,Adani Energy Solutions Ltd,Mar 2024,2024,Shareholder Returns
ADANIENT,Adani Enterprises Ltd,Mar 2013,2013,Mixed
ADANIENT,Adani Enterprises Ltd,Mar 2014,2014,Shareholder Returns
ADANIENT,Adani Enterprises Ltd,Mar 2015,2015,Mixed
ADANIENT,Adani Enterprises Ltd,Mar 2016,2016,Shareholder Returns
ADANIENT,Adani Enterprises Ltd,Mar 2017,2017,Mixed
ADANIENT,Adani Enterprises Ltd,Mar 2018,2018,Mixed
ADANIENT,Adani Enterprises Ltd,Mar 2019,2019,Liquidating Assets
ADANIENT,Adani Enterprises Ltd,Mar 2020,2020,Shareholder Returns
ADANIENT,Adani Enterprises Ltd,Mar 2021,2021,Mixed
ADANIENT,Adani Enterprises Ltd,Mar 2022,2022,Mixed
ADANIENT,Adani Enterprises Ltd,Mar 2023,2023,Shareholder Returns
ADANIENT,Adani Enterprises Ltd,Mar 2024,2024,Mixed
ADANIGREEN,Adani Green Energy Ltd,Mar 2017,2017,Mixed
ADANIGREEN,Adani Green Energy Ltd,Mar 2018,2018,Mixed
ADANIGREEN,Adani Green Energy Ltd,Mar 2019,2019,Mixed
ADANIGREEN,Adani Green Energy Ltd,Mar 2020,2020,Mixed
ADANIGREEN,Adani Green Energy Ltd,Mar 2021,2021,Mixed
ADANIGREEN,Adani Green Energy Ltd,Mar 2022,2022,Mixed
ADANIGREEN,Adani Green Energy Ltd,Mar 2023,2023,Shareholder Returns
ADANIGREEN,Adani Green Energy Ltd,Mar 2024,2024,Mixed
ADANIPORTS,Adani Ports & Special Economic Zone Ltd,Mar 2013,2013,Mixed
ADANIPORTS,Adani Ports & Special Economic Zone Ltd,Mar 2014,2014,Mixed
ADANIPORTS,Adani Ports & Special Economic Zone Ltd,Mar 2015,2015,Shareholder Returns
ADANIPORTS,Adani Ports & Special Economic Zone Ltd,Mar 2016,2016,Mixed
ADANIPORTS,Adani Ports & Special Economic Zone Ltd,Mar 2017,2017,Shareholder Returns
ADANIPORTS,Adani Ports & Special Economic Zone Ltd,Mar 2018,2018,Shareholder Returns
ADANIPORTS,Adani Ports & Special Economic Zone Ltd,Mar 2019,2019,Mixed
ADANIPORTS,Adani Ports & Special Economic Zone Ltd,Mar 2020,2020,Shareholder Returns
ADANIPORTS,Adani Ports & Special Economic Zone Ltd,Mar 2021,2021,Mixed
ADANIPORTS,Adani Ports & Special Economic Zone Ltd,Mar 2022,2022,Shareholder Returns
ADANIPORTS,Adani Ports & Special Economic Zone Ltd,Mar 2023,2023,Shareholder Returns
ADANIPORTS,Adani Ports & Special Economic Zone Ltd,Mar 2024,2024,Shareholder Returns
ADANIPOWER,Adani Power Ltd,Mar 2013,2013,Mixed
ADANIPOWER,Adani Power Ltd,Mar 2014,2014,Mixed
ADANIPOWER,Adani Power Ltd,Mar 2015,2015,Reinvestor
ADANIPOWER,Adani Power Ltd,Mar 2016,2016,Shareholder Returns
ADANIPOWER,Adani Power Ltd,Mar 2017,2017,Reinvestor
ADANIPOWER,Adani Power Ltd,Mar 2018,2018,Reinvestor
ADANIPOWER,Adani Power Ltd,Mar 2019,2019,Reinvestor
ADANIPOWER,Adani Power Ltd,Mar 2020,2020,Reinvestor
ADANIPOWER,Adani Power Ltd,Mar 2021,2021,Shareholder Returns
ADANIPOWER,Adani Power Ltd,Mar 2022,2022,Liquidating Assets
ADANIPOWER,Adani Power Ltd,Mar 2023,2023,Liquidating Assets
ADANIPOWER,Adani Power Ltd,Mar 2024,2024,Liquidating Assets
AGTL,AGTL,Mar 2018,2018,Mixed
AGTL,AGTL,Mar 2019,2019,Liquidating Assets
AGTL,AGTL,Mar 2020,2020,Reinvestor
AGTL,AGTL,Mar 2021,2021,Mixed
AGTL,AGTL,Mar 2022,2022,Mixed
AGTL,AGTL,Mar 2023,2023,Mixed
AGTL,AGTL,Mar 2024,2024,Reinvestor
AMBUJACEM,Ambuja Cements Ltd,Dec 2012,2012,Shareholder Returns
AMBUJACEM,Ambuja Cements Ltd,Dec 2013,2013,Reinvestor
AMBUJACEM,Ambuja Cements Ltd,Dec 2014,2014,Shareholder Returns
AMBUJACEM,Ambuja Cements Ltd,Dec 2015,2015,Shareholder Returns
AMBUJACEM,Ambuja Cements Ltd,Dec 2016,2016,Shareholder Returns
AMBUJACEM,Ambuja Cements Ltd,Dec 2017,2017,Shareholder Returns
AMBUJACEM,Ambuja Cements Ltd,Dec 2018,2018,Reinvestor
AMBUJACEM,Ambuja Cements Ltd,Dec 2019,2019,Shareholder Returns
AMBUJACEM,Ambuja Cements Ltd,Dec 2020,2020,Shareholder Returns
AMBUJACEM,Ambuja Cements Ltd,Dec 2021,2021,Shareholder Returns
AMBUJACEM,Ambuja Cements Ltd,Mar 2023,2023,Mixed
AMBUJACEM,Ambuja Cements Ltd,Mar 2024,2024,Mixed
APOLLOHOSP,"Apollo Hospitals
Chain of Indian private hospitals",Mar 2013,2013,Mixed
APOLLOHOSP,"Apollo Hospitals
Chain of Indian private hospitals",Mar 2014,2014,Shareholder Returns
APOLLOHOSP,"Apollo Hospitals
Chain of Indian private hospitals",Mar 2015,2015,Mixed
APOLLOHOSP,"Apollo Hospitals
Chain of Indian private hospitals",Mar 2016,2016,Mixed
APOLLOHOSP,"Apollo Hospitals
Chain of Indian private hospitals",Mar 2017,2017,Mixed
APOLLOHOSP,"Apollo Hospitals
Chain of Indian private hospitals",Mar 2018,2018,Shareholder Returns
APOLLOHOSP,"Apollo Hospitals
Chain of Indian private hospitals",Mar 2019,2019,Shareholder Returns
APOLLOHOSP,"Apollo Hospitals
Chain of Indian private hospitals",Mar 2020,2020,Shareholder Returns
APOLLOHOSP,"Apollo Hospitals
Chain of Indian private hospitals",Mar 2021,2021,Shareholder Returns
APOLLOHOSP,"Apollo Hospitals
Chain of Indian private hospitals",Mar 2022,2022,Shareholder Returns
APOLLOHOSP,"Apollo Hospitals
Chain of Indian private hospitals",Mar 2023,2023,Shareholder Returns
APOLLOHOSP,"Apollo Hospitals
Chain of Indian private hospitals",Mar 2024,2024,Shareholder Returns
ASIANPAINT,"Asian Paints
Indian Multi-National Paint and Coating Manufacturing Company",Mar 2013,2013,Shareholder Returns
ASIANPAINT,"Asian Paints
Indian Multi-National Paint and Coating Manufacturing Company",Mar 2014,2014,Shareholder Returns
ASIANPAINT,"Asian Paints
Indian Multi-National Paint and Coating Manufacturing Company",Mar 2015,2015,Reinvestor
ASIANPAINT,"Asian Paints
Indian Multi-National Paint and Coating Manufacturing Company",Mar 2016,2016,Shareholder Returns
ASIANPAINT,"Asian Paints
Indian Multi-National Paint and Coating Manufacturing Company",Mar 2017,2017,Reinvestor
ASIANPAINT,"Asian Paints
Indian Multi-National Paint and Coating Manufacturing Company",Mar 2018,2018,Shareholder Returns
ASIANPAINT,"Asian Paints
Indian Multi-National Paint and Coating Manufacturing Company",Mar 2019,2019,Shareholder Returns
ASIANPAINT,"Asian Paints
Indian Multi-National Paint and Coating Manufacturing Company",Mar 2020,2020,Shareholder Returns
ASIANPAINT,"Asian Paints
Indian Multi-National Paint and Coating Manufacturing Company",Mar 2021,2021,Shareholder Returns
ASIANPAINT,"Asian Paints
Indian Multi-National Paint and Coating Manufacturing Company",Mar 2022,2022,Reinvestor
ASIANPAINT,"Asian Paints
Indian Multi-National Paint and Coating Manufacturing Company",Mar 2023,2023,Reinvestor
ASIANPAINT,"Asian Paints
Indian Multi-National Paint and Coating Manufacturing Company",Mar 2024,2024,Shareholder Returns
AXISBANK,Axis Bank Ltd,Mar 2013,2013,Mixed
AXISBANK,Axis Bank Ltd,Mar 2014,2014,Mixed
AXISBANK,Axis Bank Ltd,Mar 2015,2015,Growth Funded by Debt
AXISBANK,Axis Bank Ltd,Mar 2016,2016,Distress Signal
AXISBANK,Axis Bank Ltd,Mar 2017,2017,Shareholder Returns
AXISBANK,Axis Bank Ltd,Mar 2018,2018,Growth Funded by Debt
AXISBANK,Axis Bank Ltd,Mar 2019,2019,Mixed
AXISBANK,Axis Bank Ltd,Mar 2020,2020,Mixed
AXISBANK,Axis Bank Ltd,Mar 2021,2021,Mixed
AXISBANK,Axis Bank Ltd,Mar 2022,2022,Mixed
AXISBANK,Axis Bank Ltd,Mar 2023,2023,Mixed
AXISBANK,Axis Bank Ltd,Mar 2024,2024,Growth Funded by Debt
BAJAJ-AUTO,Bajaj Auto Ltd,Mar 2013,2013,Reinvestor
BAJAJ-AUTO,Bajaj Auto Ltd,Mar 2014,2014,Shareholder Returns
BAJAJ-AUTO,Bajaj Auto Ltd,Mar 2015,2015,Reinvestor
BAJAJ-AUTO,Bajaj Auto Ltd,Mar 2016,2016,Reinvestor
BAJAJ-AUTO,Bajaj Auto Ltd,Mar 2017,2017,Reinvestor
BAJAJ-AUTO,Bajaj Auto Ltd,Mar 2018,2018,Shareholder Returns
BAJAJ-AUTO,Bajaj Auto Ltd,Mar 2019,2019,Reinvestor
BAJAJ-AUTO,Bajaj Auto Ltd,Mar 2020,2020,Liquidating Assets
BAJAJ-AUTO,Bajaj Auto Ltd,Mar 2021,2021,Reinvestor
BAJAJ-AUTO,Bajaj Auto Ltd,Mar 2022,2022,Liquidating Assets
BAJAJ-AUTO,Bajaj Auto Ltd,Mar 2023,2023,Liquidating Assets
BAJAJ-AUTO,Bajaj Auto Ltd,Mar 2024,2024,Reinvestor
BAJAJFINSV,Bajaj Finserv Ltd,Mar 2013,2013,Distress Signal
BAJAJFINSV,Bajaj Finserv Ltd,Mar 2014,2014,Distress Signal
BAJAJFINSV,Bajaj Finserv Ltd,Mar 2015,2015,Distress Signal
BAJAJFINSV,Bajaj Finserv Ltd,Mar 2016,2016,Growth Funded by Debt
BAJAJFINSV,Bajaj Finserv Ltd,Mar 2017,2017,Distress Signal
BAJAJFINSV,Bajaj Finserv Ltd,Mar 2018,2018,Growth Funded by Debt
BAJAJFINSV,Bajaj Finserv Ltd,Mar 2019,2019,Growth Funded by Debt
BAJAJFINSV,Bajaj Finserv Ltd,Mar 2020,2020,Growth Funded by Debt
BAJAJFINSV,Bajaj Finserv Ltd,Mar 2021,2021,Mixed
BAJAJFINSV,Bajaj Finserv Ltd,Mar 2022,2022,Distress Signal
BAJAJFINSV,Bajaj Finserv Ltd,Mar 2023,2023,Growth Funded by Debt
BAJAJFINSV,Bajaj Finserv Ltd,Mar 2024,2024,Growth Funded by Debt
BAJAJHLDNG,Bajaj Holdings & Investment Ltd,Mar 2013,2013,Reinvestor
BAJAJHLDNG,Bajaj Holdings & Investment Ltd,Mar 2014,2014,Reinvestor
BAJAJHLDNG,Bajaj Holdings & Investment Ltd,Mar 2015,2015,Reinvestor
BAJAJHLDNG,Bajaj Holdings & Investment Ltd,Mar 2016,2016,Liquidating Assets
BAJAJHLDNG,Bajaj Holdings & Investment Ltd,Mar 2017,2017,Pre-Revenue
BAJAJHLDNG,Bajaj Holdings & Investment Ltd,Mar 2018,2018,Reinvestor
BAJAJHLDNG,Bajaj Holdings & Investment Ltd,Mar 2019,2019,Reinvestor
BAJAJHLDNG,Bajaj Holdings & Investment Ltd,Mar 2020,2020,Reinvestor
BAJAJHLDNG,Bajaj Holdings & Investment Ltd,Mar 2021,2021,Reinvestor
BAJAJHLDNG,Bajaj Holdings & Investment Ltd,Mar 2022,2022,Reinvestor
BAJAJHLDNG,Bajaj Holdings & Investment Ltd,Mar 2023,2023,Reinvestor
BAJAJHLDNG,Bajaj Holdings & Investment Ltd,Mar 2024,2024,Reinvestor
BAJFINANCE,Bajaj Finance Ltd,Mar 2015,2015,Growth Funded by Debt
BAJFINANCE,Bajaj Finance Ltd,Mar 2016,2016,Growth Funded by Debt
BAJFINANCE,Bajaj Finance Ltd,Mar 2017,2017,Growth Funded by Debt
BAJFINANCE,Bajaj Finance Ltd,Mar 2018,2018,Distress Signal
BAJFINANCE,Bajaj Finance Ltd,Mar 2019,2019,Growth Funded by Debt
BAJFINANCE,Bajaj Finance Ltd,Mar 2020,2020,Growth Funded by Debt
BAJFINANCE,Bajaj Finance Ltd,Mar 2021,2021,Growth Funded by Debt
BAJFINANCE,Bajaj Finance Ltd,Mar 2022,2022,Distress Signal
BAJFINANCE,Bajaj Finance Ltd,Mar 2023,2023,Growth Funded by Debt
BAJFINANCE,Bajaj Finance Ltd,Mar 2024,2024,Growth Funded by Debt
BANKBARODA,Bank of Baroda,Mar 2013,2013,Shareholder Returns
BANKBARODA,Bank of Baroda,Mar 2014,2014,Mixed
BANKBARODA,Bank of Baroda,Mar 2015,2015,Shareholder Returns
BANKBARODA,Bank of Baroda,Mar 2016,2016,Pre-Revenue
BANKBARODA,Bank of Baroda,Mar 2017,2017,Shareholder Returns
BANKBARODA,Bank of Baroda,Mar 2018,2018,Growth Funded by Debt
BANKBARODA,Bank of Baroda,Mar 2019,2019,Growth Funded by Debt
BANKBARODA,Bank of Baroda,Mar 2020,2020,Mixed
BANKBARODA,Bank of Baroda,Mar 2021,2021,Pre-Revenue
BANKBARODA,Bank of Baroda,Mar 2022,2022,Reinvestor
BANKBARODA,Bank of Baroda,Mar 2023,2023,Pre-Revenue
BANKBARODA,Bank of Baroda,Mar 2024,2024,Growth Funded by Debt
BEL,Bharat Electronics Ltd,Mar 2013,2013,Unknown
BEL,Bharat Electronics Ltd,Mar 2014,2014,Unknown
BEL,Bharat Electronics Ltd,Mar 2015,2015,Shareholder Returns
BEL,Bharat Electronics Ltd,Mar 2016,2016,Shareholder Returns
BEL,Bharat Electronics Ltd,Mar 2017,2017,Unknown
BEL,Bharat Electronics Ltd,Mar 2018,2018,Pre-Revenue
BEL,Bharat Electronics Ltd,Mar 2019,2019,Reinvestor
BEL,Bharat Electronics Ltd,Mar 2020,2020,Shareholder Returns
BEL,Bharat Electronics Ltd,Mar 2021,2021,Shareholder Returns
BEL,Bharat Electronics Ltd,Mar 2022,2022,Shareholder Returns
BEL,Bharat Electronics Ltd,Mar 2023,2023,Liquidating Assets
BEL,Bharat Electronics Ltd,Mar 2024,2024,Shareholder Returns
BHARTIARTL,Bharti Airtel Ltd,Mar 2013,2013,Shareholder Returns
BHARTIARTL,Bharti Airtel Ltd,Mar 2014,2014,Mixed
BHARTIARTL,Bharti Airtel Ltd,Mar 2015,2015,Shareholder Returns
BHARTIARTL,Bharti Airtel Ltd,Mar 2016,2016,Shareholder Returns
BHARTIARTL,Bharti Airtel Ltd,Mar 2017,2017,Shareholder Returns
BHARTIARTL,Bharti Airtel Ltd,Mar 2018,2018,Mixed
BHARTIARTL,Bharti Airtel Ltd,Mar 2019,2019,Mixed
BHARTIARTL,Bharti Airtel Ltd,Mar 2020,2020,Mixed
BHARTIARTL,Bharti Airtel Ltd,Mar 2021,2021,Reinvestor
BHARTIARTL,Bharti Airtel Ltd,Mar 2022,2022,Shareholder Returns
BHARTIARTL,Bharti Airtel Ltd,Mar 2023,2023,Shareholder Returns
BHARTIARTL,Bharti Airtel Ltd,Mar 2024,2024,Shareholder Returns
BHEL,Bharat Heavy Electricals Limited,Mar 2013,2013,Mixed
BHEL,Bharat Heavy Electricals Limited,Mar 2014,2014,Mixed
BHEL,Bharat Heavy Electricals Limited,Mar 2015,2015,Liquidating Assets
BHEL,Bharat Heavy Electricals Limited,Mar 2016,2016,Liquidating Assets
BHEL,Bharat Heavy Electricals Limited,Mar 2017,2017,Shareholder Returns
BHEL,Bharat Heavy Electricals Limited,Mar 2018,2018,Liquidating Assets
BHEL,Bharat Heavy Electricals Limited,Mar 2019,2019,Unknown
BHEL,Bharat Heavy Electricals Limited,Mar 2020,2020,Distress Signal
BHEL,Bharat Heavy Electricals Limited,Mar 2021,2021,Reinvestor
BHEL,Bharat Heavy Electricals Limited,Mar 2022,2022,Shareholder Returns
BHEL,Bharat Heavy Electricals Limited,Mar 2023,2023,Distress Signal
BHEL,Bharat Heavy Electricals Limited,Mar 2024,2024,Distress Signal
BOSCHLTD,Bosch Ltd,Dec 2012,2012,Reinvestor
BOSCHLTD,Bosch Ltd,Dec 2013,2013,Shareholder Returns
BOSCHLTD,Bosch Ltd,Mar 2015,2015,Shareholder Returns
BOSCHLTD,Bosch Ltd,Mar 2016,2016,Reinvestor
BOSCHLTD,Bosch Ltd,Mar 2017,2017,Liquidating Assets
BOSCHLTD,Bosch Ltd,Mar 2018,2018,Shareholder Returns
BOSCHLTD,Bosch Ltd,Mar 2019,2019,Liquidating Assets
BOSCHLTD,Bosch Ltd,Mar 2020,2020,Shareholder Returns
BOSCHLTD,Bosch Ltd,Mar 2021,2021,Shareholder Returns
BOSCHLTD,Bosch Ltd,Mar 2022,2022,Reinvestor
BOSCHLTD,Bosch Ltd,Mar 2023,2023,Liquidating Assets
BOSCHLTD,Bosch Ltd,Mar 2024,2024,Liquidating Assets
BPCL,Bharat Petroleum Corporation Ltd,Mar 2013,2013,Shareholder Returns
BPCL,Bharat Petroleum Corporation Ltd,Mar 2014,2014,Shareholder Returns
BPCL,Bharat Petroleum Corporation Ltd,Mar 2015,2015,Shareholder Returns
BPCL,Bharat Petroleum Corporation Ltd,Mar 2016,2016,Shareholder Returns
BPCL,Bharat Petroleum Corporation Ltd,Mar 2017,2017,Mixed
BPCL,Bharat Petroleum Corporation Ltd,Mar 2018,2018,Shareholder Returns
BPCL,Bharat Petroleum Corporation Ltd,Mar 2019,2019,Mixed
BPCL,Bharat Petroleum Corporation Ltd,Mar 2020,2020,Mixed
BPCL,Bharat Petroleum Corporation Ltd,Mar 2021,2021,Shareholder Returns
BPCL,Bharat Petroleum Corporation Ltd,Mar 2022,2022,Shareholder Returns
BPCL,Bharat Petroleum Corporation Ltd,Mar 2023,2023,Shareholder Returns
BPCL,Bharat Petroleum Corporation Ltd,Mar 2024,2024,Shareholder Returns
BRITANNIA,Britannia Industries Ltd,Mar 2013,2013,Liquidating Assets
BRITANNIA,Britannia Industries Ltd,Mar 2014,2014,Shareholder Returns
BRITANNIA,Britannia Industries Ltd,Mar 2015,2015,Reinvestor
BRITANNIA,Britannia Industries Ltd,Mar 2016,2016,Shareholder Returns
BRITANNIA,Britannia Industries Ltd,Mar 2017,2017,Reinvestor
BRITANNIA,Britannia Industries Ltd,Mar 2018,2018,Shareholder Returns
BRITANNIA,Britannia Industries Ltd,Mar 2019,2019,Shareholder Returns
BRITANNIA,Britannia Industries Ltd,Mar 2020,2020,Mixed
BRITANNIA,Britannia Industries Ltd,Mar 2021,2021,Liquidating Assets
BRITANNIA,Britannia Industries Ltd,Mar 2022,2022,Liquidating Assets
BRITANNIA,Britannia Industries Ltd,Mar 2023,2023,Shareholder Returns
BRITANNIA,Britannia Industries Ltd,Mar 2024,2024,Liquidating Assets
CANBK,Canara Bank,Mar 2013,2013,Shareholder Returns
CANBK,Canara Bank,Mar 2014,2014,Shareholder Returns
CANBK,Canara Bank,Mar 2015,2015,Shareholder Returns
CANBK,Canara Bank,Mar 2016,2016,Reinvestor
CANBK,Canara Bank,Mar 2017,2017,Mixed
CANBK,Canara Bank,Mar 2018,2018,Growth Funded by Debt
CANBK,Canara Bank,Mar 2019,2019,Shareholder Returns
CANBK,Canara Bank,Mar 2020,2020,Growth Funded by Debt
CANBK,Canara Bank,Mar 2021,2021,Mixed
CANBK,Canara Bank,Mar 2022,2022,Mixed
CANBK,Canara Bank,Mar 2023,2023,Growth Funded by Debt
CANBK,Canara Bank,Mar 2024,2024,Reinvestor
CHOLAFIN,Cholamandalam Investment & Finance Company Ltd,Mar 2013,2013,Distress Signal
CHOLAFIN,Cholamandalam Investment & Finance Company Ltd,Mar 2014,2014,Growth Funded by Debt
CHOLAFIN,Cholamandalam Investment & Finance Company Ltd,Mar 2015,2015,Growth Funded by Debt
CHOLAFIN,Cholamandalam Investment & Finance Company Ltd,Mar 2016,2016,Growth Funded by Debt
CHOLAFIN,Cholamandalam Investment & Finance Company Ltd,Mar 2017,2017,Growth Funded by Debt
CHOLAFIN,Cholamandalam Investment & Finance Company Ltd,Mar 2018,2018,Growth Funded by Debt
CHOLAFIN,Cholamandalam Investment & Finance Company Ltd,Mar 2019,2019,Growth Funded by Debt
CHOLAFIN,Cholamandalam Investment & Finance Company Ltd,Mar 2020,2020,Growth Funded by Debt
CHOLAFIN,Cholamandalam Investment & Finance Company Ltd,Mar 2021,2021,Growth Funded by Debt
CHOLAFIN,Cholamandalam Investment & Finance Company Ltd,Mar 2022,2022,Distress Signal
CHOLAFIN,Cholamandalam Investment & Finance Company Ltd,Mar 2023,2023,Growth Funded by Debt
CHOLAFIN,Cholamandalam Investment & Finance Company Ltd,Mar 2024,2024,Growth Funded by Debt
CIPLA,Cipla Ltd,Mar 2013,2013,Mixed
CIPLA,Cipla Ltd,Mar 2014,2014,Shareholder Returns
CIPLA,Cipla Ltd,Mar 2015,2015,Mixed
CIPLA,Cipla Ltd,Mar 2016,2016,Mixed
CIPLA,Cipla Ltd,Mar 2017,2017,Shareholder Returns
CIPLA,Cipla Ltd,Mar 2018,2018,Shareholder Returns
CIPLA,Cipla Ltd,Mar 2019,2019,Shareholder Returns
CIPLA,Cipla Ltd,Mar 2020,2020,Liquidating Assets
CIPLA,Cipla Ltd,Mar 2021,2021,Shareholder Returns
CIPLA,Cipla Ltd,Mar 2022,2022,Shareholder Returns
CIPLA,Cipla Ltd,Mar 2023,2023,Shareholder Returns
CIPLA,Cipla Ltd,Mar 2024,2024,Reinvestor
COALINDIA,Coal India Ltd,Mar 2013,2013,Reinvestor
COALINDIA,Coal India Ltd,Mar 2014,2014,Liquidating Assets
COALINDIA,Coal India Ltd,Mar 2015,2015,Liquidating Assets
COALINDIA,Coal India Ltd,Mar 2016,2016,Liquidating Assets
COALINDIA,Coal India Ltd,Mar 2017,2017,Liquidating Assets
COALINDIA,Coal India Ltd,Mar 2018,2018,Shareholder Returns
COALINDIA,Coal India Ltd,Mar 2019,2019,Reinvestor
COALINDIA,Coal India Ltd,Mar 2020,2020,Liquidating Assets
COALINDIA,Coal India Ltd,Mar 2021,2021,Liquidating Assets
COALINDIA,Coal India Ltd,Mar 2022,2022,Shareholder Returns
COALINDIA,Coal India Ltd,Mar 2023,2023,Shareholder Returns
COALINDIA,Coal India Ltd,Mar 2024,2024,Reinvestor
DABUR,Dabur India Ltd,Mar 2013,2013,Shareholder Returns
DABUR,Dabur India Ltd,Mar 2014,2014,Shareholder Returns
DABUR,Dabur India Ltd,Mar 2015,2015,Reinvestor
DABUR,Dabur India Ltd,Mar 2016,2016,Reinvestor
DABUR,Dabur India Ltd,Mar 2017,2017,Reinvestor
DABUR,Dabur India Ltd,Mar 2018,2018,Reinvestor
DABUR,Dabur India Ltd,Mar 2019,2019,Liquidating Assets
DABUR,Dabur India Ltd,Mar 2020,2020,Shareholder Returns
DABUR,Dabur India Ltd,Mar 2021,2021,Shareholder Returns
DABUR,Dabur India Ltd,Mar 2022,2022,Shareholder Returns
DABUR,Dabur India Ltd,Mar 2023,2023,Reinvestor
DABUR,Dabur India Ltd,Mar 2024,2024,Shareholder Returns
DIVISLAB,Divis Laboratories Ltd,Mar 2013,2013,Reinvestor
DIVISLAB,Divis Laboratories Ltd,Mar 2014,2014,Reinvestor
DIVISLAB,Divis Laboratories Ltd,Mar 2015,2015,Reinvestor
DIVISLAB,Divis Laboratories Ltd,Mar 2016,2016,Reinvestor
DIVISLAB,Divis Laboratories Ltd,Mar 2017,2017,Mixed
DIVISLAB,Divis Laboratories Ltd,Mar 2018,2018,Reinvestor
DIVISLAB,Divis Laboratories Ltd,Mar 2019,2019,Reinvestor
DIVISLAB,Divis Laboratories Ltd,Mar 2020,2020,Reinvestor
DIVISLAB,Divis Laboratories Ltd,Mar 2021,2021,Liquidating Assets
DIVISLAB,Divis Laboratories Ltd,Mar 2022,2022,Reinvestor
DIVISLAB,Divis Laboratories Ltd,Mar 2023,2023,Shareholder Returns
DIVISLAB,Divis Laboratories Ltd,Mar 2024,2024,Reinvestor
DLF,DLF Ltd,Mar 2013,2013,Liquidating Assets
DLF,DLF Ltd,Mar 2014,2014,Liquidating Assets
DLF,DLF Ltd,Mar 2015,2015,Liquidating Assets
DLF,DLF Ltd,Mar 2016,2016,Shareholder Returns
DLF,DLF Ltd,Mar 2017,2017,Distress Signal
DLF,DLF Ltd,Mar 2018,2018,Reinvestor
DLF,DLF Ltd,Mar 2019,2019,Cash Accumulator
DLF,DLF Ltd,Mar 2020,2020,Liquidating Assets
DLF,DLF Ltd,Mar 2021,2021,Liquidating Assets
DLF,DLF Ltd,Mar 2022,2022,Liquidating Assets
DLF,DLF Ltd,Mar 2023,2023,Shareholder Returns
DLF,DLF Ltd,Mar 2024,2024,Mixed
DMART,Avenue Supermarts Ltd,Mar 2013,2013,Mixed
DMART,Avenue Supermarts Ltd,Mar 2014,2014,Mixed
DMART,Avenue Supermarts Ltd,Mar 2015,2015,Mixed
DMART,Avenue Supermarts Ltd,Mar 2016,2016,Mixed
DMART,Avenue Supermarts Ltd,Mar 2017,2017,Mixed
DMART,Avenue Supermarts Ltd,Mar 2018,2018,Liquidating Assets
DMART,Avenue Supermarts Ltd,Mar 2019,2019,Mixed
DMART,Avenue Supermarts Ltd,Mar 2020,2020,Mixed
DMART,Avenue Supermarts Ltd,Mar 2021,2021,Shareholder Returns
DMART,Avenue Supermarts Ltd,Mar 2022,2022,Reinvestor
DMART,Avenue Supermarts Ltd,Mar 2023,2023,Shareholder Returns
DMART,Avenue Supermarts Ltd,Mar 2024,2024,Shareholder Returns
DRREDDY,Dr Reddys Laboratories Ltd,Mar 2013,2013,Reinvestor
DRREDDY,Dr Reddys Laboratories Ltd,Mar 2014,2014,Shareholder Returns
DRREDDY,Dr Reddys Laboratories Ltd,Mar 2015,2015,Shareholder Returns
DRREDDY,Dr Reddys Laboratories Ltd,Mar 2016,2016,Shareholder Returns
DRREDDY,Dr Reddys Laboratories Ltd,Mar 2017,2017,Shareholder Returns
DRREDDY,Dr Reddys Laboratories Ltd,Mar 2018,2018,Shareholder Returns
DRREDDY,Dr Reddys Laboratories Ltd,Mar 2019,2019,Shareholder Returns
DRREDDY,Dr Reddys Laboratories Ltd,Mar 2020,2020,Shareholder Returns
DRREDDY,Dr Reddys Laboratories Ltd,Mar 2021,2021,Shareholder Returns
DRREDDY,Dr Reddys Laboratories Ltd,Mar 2022,2022,Shareholder Returns
DRREDDY,Dr Reddys Laboratories Ltd,Mar 2023,2023,Shareholder Returns
DRREDDY,Dr Reddys Laboratories Ltd,Mar 2024,2024,Reinvestor
EICHERMOT,Eicher Motors Ltd,Dec 2012,2012,Shareholder Returns
EICHERMOT,Eicher Motors Ltd,Dec 2013,2013,Shareholder Returns
EICHERMOT,Eicher Motors Ltd,Dec 2014,2014,Shareholder Returns
EICHERMOT,Eicher Motors Ltd,Mar 2016,2016,Shareholder Returns
EICHERMOT,Eicher Motors Ltd,Mar 2017,2017,Mixed
EICHERMOT,Eicher Motors Ltd,Mar 2018,2018,Shareholder Returns
EICHERMOT,Eicher Motors Ltd,Mar 2019,2019,Reinvestor
EICHERMOT,Eicher Motors Ltd,Mar 2020,2020,Reinvestor
EICHERMOT,Eicher Motors Ltd,Mar 2021,2021,Shareholder Returns
EICHERMOT,Eicher Motors Ltd,Mar 2022,2022,Reinvestor
EICHERMOT,Eicher Motors Ltd,Mar 2023,2023,Reinvestor
EICHERMOT,Eicher Motors Ltd,Mar 2024,2024,Reinvestor
GAIL,GAIL (India) Ltd,Mar 2013,2013,Mixed
GAIL,GAIL (India) Ltd,Mar 2014,2014,Reinvestor
GAIL,GAIL (India) Ltd,Mar 2015,2015,Shareholder Returns
GAIL,GAIL (India) Ltd,Mar 2016,2016,Shareholder Returns
GAIL,GAIL (India) Ltd,Mar 2017,2017,Shareholder Returns
GAIL,GAIL (India) Ltd,Mar 2018,2018,Shareholder Returns
GAIL,GAIL (India) Ltd,Mar 2019,2019,Shareholder Returns
GAIL,GAIL (India) Ltd,Mar 2020,2020,Mixed
GAIL,GAIL (India) Ltd,Mar 2021,2021,Shareholder Returns
GAIL,GAIL (India) Ltd,Mar 2022,2022,Reinvestor
GAIL,GAIL (India) Ltd,Mar 2023,2023,Mixed
GAIL,GAIL (India) Ltd,Mar 2024,2024,Shareholder Returns
GODREJCP,Godrej Consumer Products Ltd,Mar 2013,2013,Mixed
GODREJCP,Godrej Consumer Products Ltd,Mar 2014,2014,Shareholder Returns
GODREJCP,Godrej Consumer Products Ltd,Mar 2015,2015,Shareholder Returns
GODREJCP,Godrej Consumer Products Ltd,Mar 2016,2016,Shareholder Returns
GODREJCP,Godrej Consumer Products Ltd,Mar 2017,2017,Mixed
GODREJCP,Godrej Consumer Products Ltd,Mar 2018,2018,Shareholder Returns
GODREJCP,Godrej Consumer Products Ltd,Mar 2019,2019,Liquidating Assets
GODREJCP,Godrej Consumer Products Ltd,Mar 2020,2020,Shareholder Returns
GODREJCP,Godrej Consumer Products Ltd,Mar 2021,2021,Shareholder Returns
GODREJCP,Godrej Consumer Products Ltd,Mar 2022,2022,Reinvestor
GODREJCP,Godrej Consumer Products Ltd,Mar 2023,2023,Shareholder Returns
GODREJCP,Godrej Consumer Products Ltd,Mar 2024,2024,Mixed
GRASIM,Grasim Industries Ltd,Mar 2013,2013,Mixed
GRASIM,Grasim Industries Ltd,Mar 2014,2014,Shareholder Returns
GRASIM,Grasim Industries Ltd,Mar 2015,2015,Shareholder Returns
GRASIM,Grasim Industries Ltd,Mar 2016,2016,Shareholder Returns
GRASIM,Grasim Industries Ltd,Mar 2017,2017,Shareholder Returns
GRASIM,Grasim Industries Ltd,Mar 2018,2018,Distress Signal
GRASIM,Grasim Industries Ltd,Mar 2019,2019,Growth Funded by Debt
GRASIM,Grasim Industries Ltd,Mar 2020,2020,Shareholder Returns
GRASIM,Grasim Industries Ltd,Mar 2021,2021,Shareholder Returns
GRASIM,Grasim Industries Ltd,Mar 2022,2022,Reinvestor
GRASIM,Grasim Industries Ltd,Mar 2023,2023,Growth Funded by Debt
GRASIM,Grasim Industries Ltd,Mar 2024,2024,Growth Funded by Debt
HAL,Hindustan Aeronautics Ltd,Mar 2017,2017,Unknown
HAL,Hindustan Aeronautics Ltd,Mar 2018,2018,Unknown
HAL,Hindustan Aeronautics Ltd,Mar 2019,2019,Distress Signal
HAL,Hindustan Aeronautics Ltd,Mar 2020,2020,Mixed
HAL,Hindustan Aeronautics Ltd,Mar 2021,2021,Shareholder Returns
HAL,Hindustan Aeronautics Ltd,Mar 2022,2022,Shareholder Returns
HAL,Hindustan Aeronautics Ltd,Mar 2023,2023,Shareholder Returns
HAL,Hindustan Aeronautics Ltd,Mar 2024,2024,Shareholder Returns
HAVELLS,Havells India Ltd,Mar 2013,2013,Shareholder Returns
HAVELLS,Havells India Ltd,Mar 2014,2014,Shareholder Returns
HAVELLS,Havells India Ltd,Mar 2015,2015,Shareholder Returns
HAVELLS,Havells India Ltd,Mar 2016,2016,Reinvestor
HAVELLS,Havells India Ltd,Mar 2017,2017,Shareholder Returns
HAVELLS,Havells India Ltd,Mar 2018,2018,Shareholder Returns
HAVELLS,Havells India Ltd,Mar 2019,2019,Liquidating Assets
HAVELLS,Havells India Ltd,Mar 2020,2020,Shareholder Returns
HAVELLS,Havells India Ltd,Mar 2021,2021,Mixed
HAVELLS,Havells India Ltd,Mar 2022,2022,Shareholder Returns
HAVELLS,Havells India Ltd,Mar 2023,2023,Liquidating Assets
HAVELLS,Havells India Ltd,Mar 2024,2024,Shareholder Returns
HCLTECH,HCL Technologies Ltd,Jun 2013,2013,Shareholder Returns
HCLTECH,HCL Technologies Ltd,Jun 2014,2014,Reinvestor
HCLTECH,HCL Technologies Ltd,Jun 2015,2015,Reinvestor
HCLTECH,HCL Technologies Ltd,Mar 2016,2016,Reinvestor
HCLTECH,HCL Technologies Ltd,Mar 2017,2017,Shareholder Returns
HCLTECH,HCL Technologies Ltd,Mar 2018,2018,Reinvestor
HCLTECH,HCL Technologies Ltd,Mar 2019,2019,Reinvestor
HCLTECH,HCL Technologies Ltd,Mar 2020,2020,Shareholder Returns
HCLTECH,HCL Technologies Ltd,Mar 2021,2021,Shareholder Returns
HCLTECH,HCL Technologies Ltd,Mar 2022,2022,Liquidating Assets
HCLTECH,HCL Technologies Ltd,Mar 2023,2023,Shareholder Returns
HCLTECH,HCL Technologies Ltd,Mar 2024,2024,Shareholder Returns
HDFCBANK,HDFC Bank Ltd,Mar 2013,2013,Growth Funded by Debt
HDFCBANK,HDFC Bank Ltd,Mar 2014,2014,Mixed
HDFCBANK,HDFC Bank Ltd,Mar 2015,2015,Growth Funded by Debt
HDFCBANK,HDFC Bank Ltd,Mar 2016,2016,Growth Funded by Debt
HDFCBANK,HDFC Bank Ltd,Mar 2017,2017,Shareholder Returns
HDFCBANK,HDFC Bank Ltd,Mar 2018,2018,Mixed
HDFCBANK,HDFC Bank Ltd,Mar 2019,2019,Growth Funded by Debt
HDFCBANK,HDFC Bank Ltd,Mar 2020,2020,Growth Funded by Debt
HDFCBANK,HDFC Bank Ltd,Mar 2021,2021,Shareholder Returns
HDFCBANK,HDFC Bank Ltd,Mar 2022,2022,Growth Funded by Debt
HDFCBANK,HDFC Bank Ltd,Mar 2023,2023,Mixed
HDFCBANK,HDFC Bank Ltd,Mar 2024,2024,Liquidating Assets
HDFCLIFE,HDFC Life Insurance Company Ltd,Mar 2013,2013,Pre-Revenue
HDFCLIFE,HDFC Life Insurance Company Ltd,Mar 2014,2014,Pre-Revenue
HDFCLIFE,HDFC Life Insurance Company Ltd,Mar 2015,2015,Shareholder Returns
HDFCLIFE,HDFC Life Insurance Company Ltd,Mar 2016,2016,Shareholder Returns
HDFCLIFE,HDFC Life Insurance Company Ltd,Mar 2017,2017,Shareholder Returns
HDFCLIFE,HDFC Life Insurance Company Ltd,Mar 2018,2018,Shareholder Returns
HDFCLIFE,HDFC Life Insurance Company Ltd,Mar 2019,2019,Shareholder Returns
HDFCLIFE,HDFC Life Insurance Company Ltd,Mar 2020,2020,Mixed
HDFCLIFE,HDFC Life Insurance Company Ltd,Mar 2021,2021,Mixed
HDFCLIFE,HDFC Life Insurance Company Ltd,Mar 2022,2022,Shareholder Returns
HDFCLIFE,HDFC Life Insurance Company Ltd,Mar 2023,2023,Mixed
HDFCLIFE,HDFC Life Insurance Company Ltd,Mar 2024,2024,Shareholder Returns
HEROMOTOCO,Hero MotoCorp Ltd,Mar 2014,2014,Shareholder Returns
HEROMOTOCO,Hero MotoCorp Ltd,Mar 2015,2015,Liquidating Assets
HEROMOTOCO,Hero MotoCorp Ltd,Mar 2016,2016,Shareholder Returns
HEROMOTOCO,Hero MotoCorp Ltd,Mar 2017,2017,Shareholder Returns
HEROMOTOCO,Hero MotoCorp Ltd,Mar 2018,2018,Shareholder Returns
HEROMOTOCO,Hero MotoCorp Ltd,Mar 2019,2019,Liquidating Assets
HEROMOTOCO,Hero MotoCorp Ltd,Mar 2020,2020,Shareholder Returns
HEROMOTOCO,Hero MotoCorp Ltd,Mar 2021,2021,Shareholder Returns
HEROMOTOCO,Hero MotoCorp Ltd,Mar 2022,2022,Reinvestor
HEROMOTOCO,Hero MotoCorp Ltd,Mar 2023,2023,Reinvestor
HEROMOTOCO,Hero MotoCorp Ltd,Mar 2024,2024,Shareholder Returns
HINDALCO,Hindalco Industries Ltd,Mar 2013,2013,Mixed
HINDALCO,Hindalco Industries Ltd,Mar 2014,2014,Mixed
HINDALCO,Hindalco Industries Ltd,Mar 2015,2015,Shareholder Returns
HINDALCO,Hindalco Industries Ltd,Mar 2016,2016,Reinvestor
HINDALCO,Hindalco Industries Ltd,Mar 2017,2017,Shareholder Returns
HINDALCO,Hindalco Industries Ltd,Mar 2018,2018,Liquidating Assets
HINDALCO,Hindalco Industries Ltd,Mar 2019,2019,Shareholder Returns
HINDALCO,Hindalco Industries Ltd,Mar 2020,2020,Mixed
HINDALCO,Hindalco Industries Ltd,Mar 2021,2021,Shareholder Returns
HINDALCO,Hindalco Industries Ltd,Mar 2022,2022,Shareholder Returns
HINDALCO,Hindalco Industries Ltd,Mar 2023,2023,Shareholder Returns
HINDALCO,Hindalco Industries Ltd,Mar 2024,2024,Shareholder Returns
HINDUNILVR,Hindustan Unilever Ltd,Mar 2013,2013,Liquidating Assets
HINDUNILVR,Hindustan Unilever Ltd,Mar 2014,2014,Reinvestor
HINDUNILVR,Hindustan Unilever Ltd,Mar 2015,2015,Liquidating Assets
HINDUNILVR,Hindustan Unilever Ltd,Mar 2016,2016,Shareholder Returns
HINDUNILVR,Hindustan Unilever Ltd,Mar 2017,2017,Shareholder Returns
HINDUNILVR,Hindustan Unilever Ltd,Mar 2018,2018,Shareholder Returns
HINDUNILVR,Hindustan Unilever Ltd,Mar 2019,2019,Reinvestor
HINDUNILVR,Hindustan Unilever Ltd,Mar 2020,2020,Liquidating Assets
HINDUNILVR,Hindustan Unilever Ltd,Mar 2021,2021,Shareholder Returns
HINDUNILVR,Hindustan Unilever Ltd,Mar 2022,2022,Shareholder Returns
HINDUNILVR,Hindustan Unilever Ltd,Mar 2023,2023,Reinvestor
HINDUNILVR,Hindustan Unilever Ltd,Mar 2024,2024,Shareholder Returns
ICICIBANK,ICICI Bank Ltd,Mar 2013,2013,Mixed
ICICIBANK,ICICI Bank Ltd,Mar 2014,2014,Mixed
ICICIBANK,ICICI Bank Ltd,Mar 2015,2015,Growth Funded by Debt
ICICIBANK,ICICI Bank Ltd,Mar 2016,2016,Mixed
ICICIBANK,ICICI Bank Ltd,Mar 2017,2017,Shareholder Returns
ICICIBANK,ICICI Bank Ltd,Mar 2018,2018,Mixed
ICICIBANK,ICICI Bank Ltd,Mar 2019,2019,Shareholder Returns
ICICIBANK,ICICI Bank Ltd,Mar 2020,2020,Mixed
ICICIBANK,ICICI Bank Ltd,Mar 2021,2021,Shareholder Returns
ICICIBANK,ICICI Bank Ltd,Mar 2022,2022,Mixed
ICICIBANK,ICICI Bank Ltd,Mar 2023,2023,Growth Funded by Debt
ICICIBANK,ICICI Bank Ltd,Mar 2024,2024,Mixed
ICICIGI,ICICI Lombard General Insurance Company Ltd,Mar 2013,2013,Mixed
ICICIGI,ICICI Lombard General Insurance Company Ltd,Mar 2014,2014,Mixed
ICICIGI,ICICI Lombard General Insurance Company Ltd,Mar 2015,2015,Unknown
ICICIGI,ICICI Lombard General Insurance Company Ltd,Mar 2016,2016,Shareholder Returns
ICICIGI,ICICI Lombard General Insurance Company Ltd,Mar 2017,2017,Mixed
ICICIGI,ICICI Lombard General Insurance Company Ltd,Mar 2018,2018,Shareholder Returns
ICICIGI,ICICI Lombard General Insurance Company Ltd,Mar 2019,2019,Shareholder Returns
ICICIGI,ICICI Lombard General Insurance Company Ltd,Mar 2020,2020,Shareholder Returns
ICICIGI,ICICI Lombard General Insurance Company Ltd,Mar 2021,2021,Shareholder Returns
ICICIGI,ICICI Lombard General Insurance Company Ltd,Mar 2022,2022,Liquidating Assets
ICICIGI,ICICI Lombard General Insurance Company Ltd,Mar 2023,2023,Shareholder Returns
ICICIGI,ICICI Lombard General Insurance Company Ltd,Mar 2024,2024,Shareholder Returns
ICICIPRULI,ICICI Prudential Life Insurance Company Ltd,Mar 2013,2013,Unknown
ICICIPRULI,ICICI Prudential Life Insurance Company Ltd,Mar 2014,2014,Unknown
ICICIPRULI,ICICI Prudential Life Insurance Company Ltd,Mar 2015,2015,Reinvestor
ICICIPRULI,ICICI Prudential Life Insurance Company Ltd,Mar 2016,2016,Liquidating Assets
ICICIPRULI,ICICI Prudential Life Insurance Company Ltd,Mar 2017,2017,Shareholder Returns
ICICIPRULI,ICICI Prudential Life Insurance Company Ltd,Mar 2018,2018,Shareholder Returns
ICICIPRULI,ICICI Prudential Life Insurance Company Ltd,Mar 2019,2019,Shareholder Returns
ICICIPRULI,ICICI Prudential Life Insurance Company Ltd,Mar 2020,2020,Shareholder Returns
ICICIPRULI,ICICI Prudential Life Insurance Company Ltd,Mar 2021,2021,Mixed
ICICIPRULI,ICICI Prudential Life Insurance Company Ltd,Mar 2022,2022,Shareholder Returns
ICICIPRULI,ICICI Prudential Life Insurance Company Ltd,Mar 2023,2023,Reinvestor
ICICIPRULI,ICICI Prudential Life Insurance Company Ltd,Mar 2024,2024,Unknown
INDIGO,Interglobe Aviation Ltd,Mar 2013,2013,Mixed
INDIGO,Interglobe Aviation Ltd,Mar 2014,2014,Mixed
INDIGO,Interglobe Aviation Ltd,Mar 2015,2015,Shareholder Returns
INDIGO,Interglobe Aviation Ltd,Mar 2016,2016,Shareholder Returns
INDIGO,Interglobe Aviation Ltd,Mar 2017,2017,Shareholder Returns
INDIGO,Interglobe Aviation Ltd,Mar 2018,2018,Mixed
INDIGO,Interglobe Aviation Ltd,Mar 2019,2019,Shareholder Returns
INDIGO,Interglobe Aviation Ltd,Mar 2020,2020,Reinvestor
INDIGO,Interglobe Aviation Ltd,Mar 2021,2021,Unknown
INDIGO,Interglobe Aviation Ltd,Mar 2022,2022,Liquidating Assets
INDIGO,Interglobe Aviation Ltd,Mar 2023,2023,Reinvestor
INDIGO,Interglobe Aviation Ltd,Mar 2024,2024,Shareholder Returns
INDUSINDBK,IndusInd Bank Ltd,Mar 2013,2013,Growth Funded by Debt
INDUSINDBK,IndusInd Bank Ltd,Mar 2014,2014,Growth Funded by Debt
INDUSINDBK,IndusInd Bank Ltd,Mar 2015,2015,Growth Funded by Debt
INDUSINDBK,IndusInd Bank Ltd,Mar 2016,2016,Growth Funded by Debt
INDUSINDBK,IndusInd Bank Ltd,Mar 2017,2017,Shareholder Returns
INDUSINDBK,IndusInd Bank Ltd,Mar 2018,2018,Growth Funded by Debt
INDUSINDBK,IndusInd Bank Ltd,Mar 2019,2019,Growth Funded by Debt
INDUSINDBK,IndusInd Bank Ltd,Mar 2020,2020,Distress Signal
INDUSINDBK,IndusInd Bank Ltd,Mar 2021,2021,Shareholder Returns
INDUSINDBK,IndusInd Bank Ltd,Mar 2022,2022,Shareholder Returns
INDUSINDBK,IndusInd Bank Ltd,Mar 2023,2023,Growth Funded by Debt
INDUSINDBK,IndusInd Bank Ltd,Mar 2024,2024,Pre-Revenue
INFY,Infosys Ltd,Mar 2013,2013,Reinvestor
INFY,Infosys Ltd,Mar 2014,2014,Reinvestor
INFY,Infosys Ltd,Mar 2015,2015,Liquidating Assets
INFY,Infosys Ltd,Mar 2016,2016,Reinvestor
INFY,Infosys Ltd,Mar 2017,2017,Reinvestor
INFY,Infosys Ltd,Mar 2018,2018,Liquidating Assets
INFY,Infosys Ltd,Mar 2019,2019,Reinvestor
INFY,Infosys Ltd,Mar 2020,2020,Shareholder Returns
INFY,Infosys Ltd,Mar 2021,2021,Shareholder Returns
INFY,Infosys Ltd,Mar 2022,2022,Shareholder Returns
INFY,Infosys Ltd,Mar 2023,2023,Reinvestor
INFY,Infosys Ltd,Mar 2024,2024,Reinvestor
IOC,Indian Oil Corporation,Mar 2013,2013,Mixed
IOC,Indian Oil Corporation,Mar 2014,2014,Shareholder Returns
IOC,Indian Oil Corporation,Mar 2015,2015,Shareholder Returns
IOC,Indian Oil Corporation,Mar 2016,2016,Shareholder Returns
IOC,Indian Oil Corporation,Mar 2017,2017,Shareholder Returns
IOC,Indian Oil Corporation,Mar 2018,2018,Shareholder Returns
IOC,Indian Oil Corporation,Mar 2019,2019,Mixed
IOC,Indian Oil Corporation,Mar 2020,2020,Mixed
IOC,Indian Oil Corporation,Mar 2021,2021,Shareholder Returns
IOC,Indian Oil Corporation,Mar 2022,2022,Shareholder Returns
IOC,Indian Oil Corporation,Mar 2023,2023,Shareholder Returns
IOC,Indian Oil Corporation,Mar 2024,2024,Shareholder Returns
IRCTC,Indian Railway Catering & Tourism Corporation Ltd,Mar 2015,2015,Reinvestor
IRCTC,Indian Railway Catering & Tourism Corporation Ltd,Mar 2016,2016,Liquidating Assets
IRCTC,Indian Railway Catering & Tourism Corporation Ltd,Mar 2017,2017,Liquidating Assets
IRCTC,Indian Railway Catering & Tourism Corporation Ltd,Mar 2018,2018,Liquidating Assets
IRCTC,Indian Railway Catering & Tourism Corporation Ltd,Mar 2019,2019,Shareholder Returns
IRCTC,Indian Railway Catering & Tourism Corporation Ltd,Mar 2020,2020,Liquidating Assets
IRCTC,Indian Railway Catering & Tourism Corporation Ltd,Mar 2021,2021,Shareholder Returns
IRCTC,Indian Railway Catering & Tourism Corporation Ltd,Mar 2022,2022,Reinvestor
IRCTC,Indian Railway Catering & Tourism Corporation Ltd,Mar 2023,2023,Reinvestor
IRCTC,Indian Railway Catering & Tourism Corporation Ltd,Mar 2024,2024,Reinvestor
IRFC,Indian Railway Finance Corporation Ltd,Mar 2016,2016,Distress Signal
IRFC,Indian Railway Finance Corporation Ltd,Mar 2017,2017,Distress Signal
IRFC,Indian Railway Finance Corporation Ltd,Mar 2018,2018,Distress Signal
IRFC,Indian Railway Finance Corporation Ltd,Mar 2019,2019,Distress Signal
IRFC,Indian Railway Finance Corporation Ltd,Mar 2020,2020,Distress Signal
IRFC,Indian Railway Finance Corporation Ltd,Mar 2021,2021,Distress Signal
IRFC,Indian Railway Finance Corporation Ltd,Mar 2022,2022,Growth Funded by Debt
IRFC,Indian Railway Finance Corporation Ltd,Mar 2023,2023,Distress Signal
IRFC,Indian Railway Finance Corporation Ltd,Mar 2024,2024,Shareholder Returns
ITC,ITC Ltd,Mar 2013,2013,Reinvestor
ITC,ITC Ltd,Mar 2014,2014,Reinvestor
ITC,ITC Ltd,Mar 2015,2015,Shareholder Returns
ITC,ITC Ltd,Mar 2016,2016,Shareholder Returns
ITC,ITC Ltd,Mar 2017,2017,Shareholder Returns
ITC,ITC Ltd,Mar 2018,2018,Shareholder Returns
ITC,ITC Ltd,Mar 2019,2019,Reinvestor
ITC,ITC Ltd,Mar 2020,2020,Reinvestor
ITC,ITC Ltd,Mar 2021,2021,Liquidating Assets
ITC,ITC Ltd,Mar 2022,2022,Shareholder Returns
ITC,ITC Ltd,Mar 2023,2023,Reinvestor
ITC,ITC Ltd,Mar 2024,2024,Liquidating Assets
JINDALSTEL,Jindal Steel & Power Ltd,Mar 2013,2013,Mixed
JINDALSTEL,Jindal Steel & Power Ltd,Mar 2014,2014,Mixed
JINDALSTEL,Jindal Steel & Power Ltd,Mar 2015,2015,Mixed
JINDALSTEL,Jindal Steel & Power Ltd,Mar 2016,2016,Reinvestor
JINDALSTEL,Jindal Steel & Power Ltd,Mar 2017,2017,Reinvestor
JINDALSTEL,Jindal Steel & Power Ltd,Mar 2018,2018,Reinvestor
JINDALSTEL,Jindal Steel & Power Ltd,Mar 2019,2019,Reinvestor
JINDALSTEL,Jindal Steel & Power Ltd,Mar 2020,2020,Reinvestor
JINDALSTEL,Jindal Steel & Power Ltd,Mar 2021,2021,Shareholder Returns
JINDALSTEL,Jindal Steel & Power Ltd,Mar 2022,2022,Shareholder Returns
JINDALSTEL,Jindal Steel & Power Ltd,Mar 2023,2023,Shareholder Returns
JINDALSTEL,Jindal Steel & Power Ltd,Mar 2024,2024,Mixed
JIOFIN,Jio Financial Services Ltd,Mar 2023,2023,Shareholder Returns
JIOFIN,Jio Financial Services Ltd,Mar 2024,2024,Unknown
JSWENERGY,JSW Energy Ltd,Mar 2013,2013,Shareholder Returns
JSWENERGY,JSW Energy Ltd,Mar 2014,2014,Shareholder Returns
JSWENERGY,JSW Energy Ltd,Mar 2015,2015,Shareholder Returns
JSWENERGY,JSW Energy Ltd,Mar 2016,2016,Shareholder Returns
JSWENERGY,JSW Energy Ltd,Mar 2017,2017,Shareholder Returns
JSWENERGY,JSW Energy Ltd,Mar 2018,2018,Shareholder Returns
JSWENERGY,JSW Energy Ltd,Mar 2019,2019,Shareholder Returns
JSWENERGY,JSW Energy Ltd,Mar 2020,2020,Liquidating Assets
JSWENERGY,JSW Energy Ltd,Mar 2021,2021,Shareholder Returns
JSWENERGY,JSW Energy Ltd,Mar 2022,2022,Shareholder Returns
JSWENERGY,JSW Energy Ltd,Mar 2023,2023,Mixed
JSWENERGY,JSW Energy Ltd,Mar 2024,2024,Mixed
JSWSTEEL,JSW Steel Ltd,Mar 2013,2013,Shareholder Returns
JSWSTEEL,JSW Steel Ltd,Mar 2014,2014,Mixed
JSWSTEEL,JSW Steel Ltd,Mar 2015,2015,Shareholder Returns
JSWSTEEL,JSW Steel Ltd,Mar 2016,2016,Reinvestor
JSWSTEEL,JSW Steel Ltd,Mar 2017,2017,Shareholder Returns
JSWSTEEL,JSW Steel Ltd,Mar 2018,2018,Shareholder Returns
JSWSTEEL,JSW Steel Ltd,Mar 2019,2019,Mixed
JSWSTEEL,JSW Steel Ltd,Mar 2020,2020,Mixed
JSWSTEEL,JSW Steel Ltd,Mar 2021,2021,Shareholder Returns
JSWSTEEL,JSW Steel Ltd,Mar 2022,2022,Shareholder Returns
JSWSTEEL,JSW Steel Ltd,Mar 2023,2023,Shareholder Returns
JSWSTEEL,JSW Steel Ltd,Mar 2024,2024,Shareholder Returns
KOTAKBANK,Kotak Mahindra Bank Ltd,Mar 2013,2013,Mixed
KOTAKBANK,Kotak Mahindra Bank Ltd,Mar 2014,2014,Shareholder Returns
KOTAKBANK,Kotak Mahindra Bank Ltd,Mar 2015,2015,Mixed
KOTAKBANK,Kotak Mahindra Bank Ltd,Mar 2016,2016,Mixed
KOTAKBANK,Kotak Mahindra Bank Ltd,Mar 2017,2017,Mixed
KOTAKBANK,Kotak Mahindra Bank Ltd,Mar 2018,2018,Growth Funded by Debt
KOTAKBANK,Kotak Mahindra Bank Ltd,Mar 2019,2019,Mixed
KOTAKBANK,Kotak Mahindra Bank Ltd,Mar 2020,2020,Shareholder Returns
KOTAKBANK,Kotak Mahindra Bank Ltd,Mar 2021,2021,Reinvestor
KOTAKBANK,Kotak Mahindra Bank Ltd,Mar 2022,2022,Mixed
KOTAKBANK,Kotak Mahindra Bank Ltd,Mar 2023,2023,Growth Funded by Debt
KOTAKBANK,Kotak Mahindra Bank Ltd,Mar 2024,2024,Mixed
LICI,Life Insurance Corporation of India,Mar 2019,2019,Liquidating Assets
LICI,Life Insurance Corporation of India,Mar 2020,2020,Shareholder Returns
LICI,Life Insurance Corporation of India,Mar 2021,2021,Liquidating Assets
LICI,Life Insurance Corporation of India,Mar 2022,2022,Distress Signal
LICI,Life Insurance Corporation of India,Mar 2023,2023,Shareholder Returns
LICI,Life Insurance Corporation of India,Mar 2024,2024,Reinvestor
LODHA,Macrotech Developers Ltd,Mar 2016,2016,Mixed
LODHA,Macrotech Developers Ltd,Mar 2017,2017,Shareholder Returns
LODHA,Macrotech Developers Ltd,Mar 2018,2018,Mixed
LODHA,Macrotech Developers Ltd,Mar 2019,2019,Growth Funded by Debt
LODHA,Macrotech Developers Ltd,Mar 2020,2020,Liquidating Assets
LODHA,Macrotech Developers Ltd,Mar 2021,2021,Liquidating Assets
LODHA,Macrotech Developers Ltd,Mar 2022,2022,Liquidating Assets
LODHA,Macrotech Developers Ltd,Mar 2023,2023,Liquidating Assets
LODHA,Macrotech Developers Ltd,Mar 2024,2024,Mixed
LT,Larsen & Toubro Ltd,Mar 2013,2013,Growth Funded by Debt
LT,Larsen & Toubro Ltd,Mar 2014,2014,Growth Funded by Debt
LT,Larsen & Toubro Ltd,Mar 2015,2015,Growth Funded by Debt
LT,Larsen & Toubro Ltd,Mar 2016,2016,Growth Funded by Debt
LT,Larsen & Toubro Ltd,Mar 2017,2017,Mixed
LT,Larsen & Toubro Ltd,Mar 2018,2018,Distress Signal
LT,Larsen & Toubro Ltd,Mar 2019,2019,Growth Funded by Debt
LT,Larsen & Toubro Ltd,Mar 2020,2020,Mixed
LT,Larsen & Toubro Ltd,Mar 2021,2021,Shareholder Returns
LT,Larsen & Toubro Ltd,Mar 2022,2022,Shareholder Returns
LT,Larsen & Toubro Ltd,Mar 2023,2023,Shareholder Returns
LT,Larsen & Toubro Ltd,Mar 2024,2024,Liquidating Assets
LTIM,LTIMindtree Ltd,Mar 2013,2013,Shareholder Returns
LTIM,LTIMindtree Ltd,Mar 2014,2014,Liquidating Assets
LTIM,LTIMindtree Ltd,Mar 2015,2015,Reinvestor
LTIM,LTIMindtree Ltd,Mar 2016,2016,Shareholder Returns
LTIM,LTIMindtree Ltd,Mar 2017,2017,Shareholder Returns
LTIM,LTIMindtree Ltd,Mar 2018,2018,Reinvestor
LTIM,LTIMindtree Ltd,Mar 2019,2019,Reinvestor
LTIM,LTIMindtree Ltd,Mar 2020,2020,Shareholder Returns
LTIM,LTIMindtree Ltd,Mar 2021,2021,Shareholder Returns
LTIM,LTIMindtree Ltd,Mar 2022,2022,Reinvestor
LTIM,LTIMindtree Ltd,Mar 2023,2023,Reinvestor
LTIM,LTIMindtree Ltd,Mar 2024,2024,Shareholder Returns
M&M,Mahindra & Mahindra Ltd,Mar 2013,2013,Growth Funded by Debt
M&M,Mahindra & Mahindra Ltd,Mar 2014,2014,Growth Funded by Debt
M&M,Mahindra & Mahindra Ltd,Mar 2015,2015,Mixed
M&M,Mahindra & Mahindra Ltd,Mar 2016,2016,Mixed
M&M,Mahindra & Mahindra Ltd,Mar 2017,2017,Mixed
M&M,Mahindra & Mahindra Ltd,Mar 2018,2018,Mixed
M&M,Mahindra & Mahindra Ltd,Mar 2019,2019,Growth Funded by Debt
M&M,Mahindra & Mahindra Ltd,Mar 2020,2020,Growth Funded by Debt
M&M,Mahindra & Mahindra Ltd,Mar 2021,2021,Mixed
M&M,Mahindra & Mahindra Ltd,Mar 2022,2022,Shareholder Returns
M&M,Mahindra & Mahindra Ltd,Mar 2023,2023,Growth Funded by Debt
M&M,Mahindra & Mahindra Ltd,Mar 2024,2024,Growth Funded by Debt
MARUTI,Maruti Suzuki India Ltd,Mar 2013,2013,Shareholder Returns
MARUTI,Maruti Suzuki India Ltd,Mar 2014,2014,Shareholder Returns
MARUTI,Maruti Suzuki India Ltd,Mar 2015,2015,Shareholder Returns
MARUTI,Maruti Suzuki India Ltd,Mar 2016,2016,Shareholder Returns
MARUTI,Maruti Suzuki India Ltd,Mar 2017,2017,Shareholder Returns
MARUTI,Maruti Suzuki India Ltd,Mar 2018,2018,Shareholder Returns
MARUTI,Maruti Suzuki India Ltd,Mar 2019,2019,Reinvestor
MARUTI,Maruti Suzuki India Ltd,Mar 2020,2020,Reinvestor
MARUTI,Maruti Suzuki India Ltd,Mar 2021,2021,Shareholder Returns
MARUTI,Maruti Suzuki India Ltd,Mar 2022,2022,Reinvestor
MARUTI,Maruti Suzuki India Ltd,Mar 2023,2023,Shareholder Returns
MARUTI,Maruti Suzuki India Ltd,Mar 2024,2024,Shareholder Returns
MOTHERSON,Samvardhana Motherson International Ltd,Mar 2013,2013,Shareholder Returns
MOTHERSON,Samvardhana Motherson International Ltd,Mar 2014,2014,Shareholder Returns
MOTHERSON,Samvardhana Motherson International Ltd,Mar 2015,2015,Mixed
MOTHERSON,Samvardhana Motherson International Ltd,Mar 2016,2016,Shareholder Returns
MOTHERSON,Samvardhana Motherson International Ltd,Mar 2017,2017,Mixed
MOTHERSON,Samvardhana Motherson International Ltd,Mar 2018,2018,Shareholder Returns
MOTHERSON,Samvardhana Motherson International Ltd,Mar 2019,2019,Shareholder Returns
MOTHERSON,Samvardhana Motherson International Ltd,Mar 2020,2020,Shareholder Returns
MOTHERSON,Samvardhana Motherson International Ltd,Mar 2021,2021,Shareholder Returns
MOTHERSON,Samvardhana Motherson International Ltd,Mar 2022,2022,Shareholder Returns
MOTHERSON,Samvardhana Motherson International Ltd,Mar 2023,2023,Shareholder Returns
MOTHERSON,Samvardhana Motherson International Ltd,Mar 2024,2024,Mixed
NAUKRI,Info Edge (India) Ltd,Mar 2013,2013,Reinvestor
NAUKRI,Info Edge (India) Ltd,Mar 2014,2014,Mixed
NAUKRI,Info Edge (India) Ltd,Mar 2015,2015,Mixed
NAUKRI,Info Edge (India) Ltd,Mar 2016,2016,Reinvestor
NAUKRI,Info Edge (India) Ltd,Mar 2017,2017,Reinvestor
NAUKRI,Info Edge (India) Ltd,Mar 2018,2018,Reinvestor
NAUKRI,Info Edge (India) Ltd,Mar 2019,2019,Reinvestor
NAUKRI,Info Edge (India) Ltd,Mar 2020,2020,Liquidating Assets
NAUKRI,Info Edge (India) Ltd,Mar 2021,2021,Mixed
NAUKRI,Info Edge (India) Ltd,Mar 2022,2022,Mixed
NAUKRI,Info Edge (India) Ltd,Mar 2023,2023,Mixed
NAUKRI,Info Edge (India) Ltd,Mar 2024,2024,Mixed
NESTLEIND,Nestle India Ltd,Dec 2013,2013,Shareholder Returns
NESTLEIND,Nestle India Ltd,Dec 2014,2014,Shareholder Returns
NESTLEIND,Nestle India Ltd,Dec 2015,2015,Shareholder Returns
NESTLEIND,Nestle India Ltd,Dec 2016,2016,Shareholder Returns
NESTLEIND,Nestle India Ltd,Dec 2017,2017,Shareholder Returns
NESTLEIND,Nestle India Ltd,Dec 2018,2018,Shareholder Returns
NESTLEIND,Nestle India Ltd,Dec 2019,2019,Liquidating Assets
NESTLEIND,Nestle India Ltd,Dec 2020,2020,Shareholder Returns
NESTLEIND,Nestle India Ltd,Dec 2021,2021,Shareholder Returns
NESTLEIND,Nestle India Ltd,Dec 2022,2022,Shareholder Returns
NESTLEIND,Nestle India Ltd,Dec 2023,2023,Shareholder Returns
NESTLEIND,Nestle India Ltd,Mar 2024,2024,Shareholder Returns
NHPC,NHPC Ltd,Mar 2013,2013,Reinvestor
NHPC,NHPC Ltd,Mar 2014,2014,Shareholder Returns
NHPC,NHPC Ltd,Mar 2015,2015,Shareholder Returns
NHPC,NHPC Ltd,Mar 2016,2016,Shareholder Returns
NHPC,NHPC Ltd,Mar 2017,2017,Shareholder Returns
NHPC,NHPC Ltd,Mar 2018,2018,Shareholder Returns
NHPC,NHPC Ltd,Mar 2019,2019,Shareholder Returns
NHPC,NHPC Ltd,Mar 2020,2020,Mixed
NHPC,NHPC Ltd,Mar 2021,2021,Shareholder Returns
NHPC,NHPC Ltd,Mar 2022,2022,Shareholder Returns
NHPC,NHPC Ltd,Mar 2023,2023,Shareholder Returns
NHPC,NHPC Ltd,Mar 2024,2024,Shareholder Returns
NTPC,NTPC Ltd,Mar 2013,2013,Mixed
NTPC,NTPC Ltd,Mar 2014,2014,Shareholder Returns
NTPC,NTPC Ltd,Mar 2015,2015,Shareholder Returns
NTPC,NTPC Ltd,Mar 2016,2016,Shareholder Returns
NTPC,NTPC Ltd,Mar 2017,2017,Mixed
NTPC,NTPC Ltd,Mar 2018,2018,Mixed
NTPC,NTPC Ltd,Mar 2019,2019,Mixed
NTPC,NTPC Ltd,Mar 2020,2020,Mixed
NTPC,NTPC Ltd,Mar 2021,2021,Shareholder Returns
NTPC,NTPC Ltd,Mar 2022,2022,Shareholder Returns
NTPC,NTPC Ltd,Mar 2023,2023,Shareholder Returns
NTPC,NTPC Ltd,Mar 2024,2024,Shareholder Returns
ONGC,Oil & Natural Gas Corpn Ltd,Mar 2013,2013,Shareholder Returns
ONGC,Oil & Natural Gas Corpn Ltd,Mar 2014,2014,Mixed
ONGC,Oil & Natural Gas Corpn Ltd,Mar 2015,2015,Shareholder Returns
ONGC,Oil & Natural Gas Corpn Ltd,Mar 2016,2016,Shareholder Returns
ONGC,Oil & Natural Gas Corpn Ltd,Mar 2017,2017,Shareholder Returns
ONGC,Oil & Natural Gas Corpn Ltd,Mar 2018,2018,Mixed
ONGC,Oil & Natural Gas Corpn Ltd,Mar 2019,2019,Shareholder Returns
ONGC,Oil & Natural Gas Corpn Ltd,Mar 2020,2020,Shareholder Returns
ONGC,Oil & Natural Gas Corpn Ltd,Mar 2021,2021,Shareholder Returns
ONGC,Oil & Natural Gas Corpn Ltd,Mar 2022,2022,Shareholder Returns
ONGC,Oil & Natural Gas Corpn Ltd,Mar 2023,2023,Shareholder Returns
ONGC,Oil & Natural Gas Corpn Ltd,Mar 2024,2024,Shareholder Returns
PFC,Power Finance Corporation Ltd,Mar 2013,2013,Distress Signal
PFC,Power Finance Corporation Ltd,Mar 2014,2014,Distress Signal
PFC,Power Finance Corporation Ltd,Mar 2015,2015,Growth Funded by Debt
PFC,Power Finance Corporation Ltd,Mar 2016,2016,Growth Funded by Debt
PFC,Power Finance Corporation Ltd,Mar 2017,2017,Mixed
PFC,Power Finance Corporation Ltd,Mar 2018,2018,Distress Signal
PFC,Power Finance Corporation Ltd,Mar 2019,2019,Growth Funded by Debt
PFC,Power Finance Corporation Ltd,Mar 2020,2020,Growth Funded by Debt
PFC,Power Finance Corporation Ltd,Mar 2021,2021,Distress Signal
PFC,Power Finance Corporation Ltd,Mar 2022,2022,Reinvestor
PFC,Power Finance Corporation Ltd,Mar 2023,2023,Growth Funded by Debt
PFC,Power Finance Corporation Ltd,Mar 2024,2024,Growth Funded by Debt
PIDILITIND,Pidilite Industries Ltd,Mar 2013,2013,Shareholder Returns
PIDILITIND,Pidilite Industries Ltd,Mar 2014,2014,Reinvestor
PIDILITIND,Pidilite Industries Ltd,Mar 2015,2015,Shareholder Returns
PIDILITIND,Pidilite Industries Ltd,Mar 2016,2016,Shareholder Returns
PIDILITIND,Pidilite Industries Ltd,Mar 2017,2017,Mixed
PIDILITIND,Pidilite Industries Ltd,Mar 2018,2018,Liquidating Assets
PIDILITIND,Pidilite Industries Ltd,Mar 2019,2019,Reinvestor
PIDILITIND,Pidilite Industries Ltd,Mar 2020,2020,Liquidating Assets
PIDILITIND,Pidilite Industries Ltd,Mar 2021,2021,Shareholder Returns
PIDILITIND,Pidilite Industries Ltd,Mar 2022,2022,Reinvestor
PIDILITIND,Pidilite Industries Ltd,Mar 2023,2023,Shareholder Returns
PIDILITIND,Pidilite Industries Ltd,Mar 2024,2024,Shareholder Returns
PNB,Punjab National Bank,Mar 2013,2013,Pre-Revenue
PNB,Punjab National Bank,Mar 2014,2014,Mixed
PNB,Punjab National Bank,Mar 2015,2015,Mixed
PNB,Punjab National Bank,Mar 2016,2016,Mixed
PNB,Punjab National Bank,Mar 2017,2017,Liquidating Assets
PNB,Punjab National Bank,Mar 2018,2018,Distress Signal
PNB,Punjab National Bank,Mar 2019,2019,Growth Funded by Debt
PNB,Punjab National Bank,Mar 2020,2020,Growth Funded by Debt
PNB,Punjab National Bank,Mar 2021,2021,Mixed
PNB,Punjab National Bank,Mar 2022,2022,Mixed
PNB,Punjab National Bank,Mar 2023,2023,Mixed
PNB,Punjab National Bank,Mar 2024,2024,Growth Funded by Debt
POWERGRID,Power Grid Corporation of India Ltd,Mar 2013,2013,Mixed
POWERGRID,Power Grid Corporation of India Ltd,Mar 2014,2014,Mixed
POWERGRID,Power Grid Corporation of India Ltd,Mar 2015,2015,Mixed
POWERGRID,Power Grid Corporation of India Ltd,Mar 2016,2016,Mixed
POWERGRID,Power Grid Corporation of India Ltd,Mar 2017,2017,Mixed
POWERGRID,Power Grid Corporation of India Ltd,Mar 2018,2018,Mixed
POWERGRID,Power Grid Corporation of India Ltd,Mar 2019,2019,Shareholder Returns
POWERGRID,Power Grid Corporation of India Ltd,Mar 2020,2020,Shareholder Returns
POWERGRID,Power Grid Corporation of India Ltd,Mar 2021,2021,Shareholder Returns
POWERGRID,Power Grid Corporation of India Ltd,Mar 2022,2022,Liquidating Assets
POWERGRID,Power Grid Corporation of India Ltd,Mar 2023,2023,Shareholder Returns
POWERGRID,Power Grid Corporation of India Ltd,Mar 2024,2024,Shareholder Returns
RECLTD,REC Ltd,Mar 2013,2013,Distress Signal
RECLTD,REC Ltd,Mar 2014,2014,Distress Signal
RECLTD,REC Ltd,Mar 2015,2015,Distress Signal
RECLTD,REC Ltd,Mar 2016,2016,Growth Funded by Debt
RECLTD,REC Ltd,Mar 2017,2017,Shareholder Returns
RECLTD,REC Ltd,Mar 2018,2018,Distress Signal
RECLTD,REC Ltd,Mar 2019,2019,Distress Signal
RECLTD,REC Ltd,Mar 2020,2020,Distress Signal
RECLTD,REC Ltd,Mar 2021,2021,Distress Signal
RECLTD,REC Ltd,Mar 2022,2022,Growth Funded by Debt
RECLTD,REC Ltd,Mar 2023,2023,Growth Funded by Debt
RECLTD,REC Ltd,Mar 2024,2024,Growth Funded by Debt
RELIANCE,Reliance Industries Ltd,Mar 2013,2013,Mixed
RELIANCE,Reliance Industries Ltd,Mar 2014,2014,Mixed
RELIANCE,Reliance Industries Ltd,Mar 2015,2015,Mixed
RELIANCE,Reliance Industries Ltd,Mar 2016,2016,Shareholder Returns
RELIANCE,Reliance Industries Ltd,Mar 2017,2017,Mixed
RELIANCE,Reliance Industries Ltd,Mar 2018,2018,Shareholder Returns
RELIANCE,Reliance Industries Ltd,Mar 2019,2019,Mixed
RELIANCE,Reliance Industries Ltd,Mar 2020,2020,Shareholder Returns
RELIANCE,Reliance Industries Ltd,Mar 2021,2021,Mixed
RELIANCE,Reliance Industries Ltd,Mar 2022,2022,Mixed
RELIANCE,Reliance Industries Ltd,Mar 2023,2023,Mixed
RELIANCE,Reliance Industries Ltd,Mar 2024,2024,Shareholder Returns
SBILIFE,SBI Life Insurance Company Ltd,Mar 2013,2013,Shareholder Returns
SBILIFE,SBI Life Insurance Company Ltd,Mar 2014,2014,Reinvestor
SBILIFE,SBI Life Insurance Company Ltd,Mar 2015,2015,Shareholder Returns
SBILIFE,SBI Life Insurance Company Ltd,Mar 2016,2016,Shareholder Returns
SBILIFE,SBI Life Insurance Company Ltd,Mar 2017,2017,Shareholder Returns
SBILIFE,SBI Life Insurance Company Ltd,Mar 2018,2018,Shareholder Returns
SBILIFE,SBI Life Insurance Company Ltd,Mar 2019,2019,Shareholder Returns
SBILIFE,SBI Life Insurance Company Ltd,Mar 2020,2020,Shareholder Returns
SBILIFE,SBI Life Insurance Company Ltd,Mar 2021,2021,Mixed
SBILIFE,SBI Life Insurance Company Ltd,Mar 2022,2022,Shareholder Returns
SBILIFE,SBI Life Insurance Company Ltd,Mar 2023,2023,Shareholder Returns
SBILIFE,SBI Life Insurance Company Ltd,Mar 2024,2024,Shareholder Returns
SBIN,State Bank of India,Mar 2013,2013,Shareholder Returns
SBIN,State Bank of India,Mar 2014,2014,Mixed
SBIN,State Bank of India,Mar 2015,2015,Shareholder Returns
SBIN,State Bank of India,Mar 2016,2016,Mixed
SBIN,State Bank of India,Mar 2017,2017,Reinvestor
SBIN,State Bank of India,Mar 2018,2018,Distress Signal
SBIN,State Bank of India,Mar 2019,2019,Cash Accumulator
SBIN,State Bank of India,Mar 2020,2020,Mixed
SBIN,State Bank of India,Mar 2021,2021,Mixed
SBIN,State Bank of India,Mar 2022,2022,Shareholder Returns
SBIN,State Bank of India,Mar 2023,2023,Growth Funded by Debt
SBIN,State Bank of India,Mar 2024,2024,Reinvestor
SHREECEM,Shree Cement Ltd,Jun 2013,2013,Shareholder Returns
SHREECEM,Shree Cement Ltd,Jun 2014,2014,Shareholder Returns
SHREECEM,Shree Cement Ltd,Jun 2015,2015,Shareholder Returns
SHREECEM,Shree Cement Ltd,Mar 2016,2016,Reinvestor
SHREECEM,Shree Cement Ltd,Mar 2017,2017,Shareholder Returns
SHREECEM,Shree Cement Ltd,Mar 2018,2018,Mixed
SHREECEM,Shree Cement Ltd,Mar 2019,2019,Shareholder Returns
SHREECEM,Shree Cement Ltd,Mar 2020,2020,Mixed
SHREECEM,Shree Cement Ltd,Mar 2021,2021,Shareholder Returns
SHREECEM,Shree Cement Ltd,Mar 2022,2022,Shareholder Returns
SHREECEM,Shree Cement Ltd,Mar 2023,2023,Shareholder Returns
SHREECEM,Shree Cement Ltd,Mar 2024,2024,Shareholder Returns
SHRIRAMFIN,Shriram Finance Ltd,Mar 2013,2013,Growth Funded by Debt
SHRIRAMFIN,Shriram Finance Ltd,Mar 2014,2014,Growth Funded by Debt
SHRIRAMFIN,Shriram Finance Ltd,Mar 2015,2015,Growth Funded by Debt
SHRIRAMFIN,Shriram Finance Ltd,Mar 2016,2016,Growth Funded by Debt
SHRIRAMFIN,Shriram Finance Ltd,Mar 2017,2017,Growth Funded by Debt
SHRIRAMFIN,Shriram Finance Ltd,Mar 2018,2018,Distress Signal
SHRIRAMFIN,Shriram Finance Ltd,Mar 2019,2019,Growth Funded by Debt
SHRIRAMFIN,Shriram Finance Ltd,Mar 2020,2020,Growth Funded by Debt
SHRIRAMFIN,Shriram Finance Ltd,Mar 2021,2021,Growth Funded by Debt
SHRIRAMFIN,Shriram Finance Ltd,Mar 2022,2022,Growth Funded by Debt
SHRIRAMFIN,Shriram Finance Ltd,Mar 2023,2023,Distress Signal
SHRIRAMFIN,Shriram Finance Ltd,Mar 2024,2024,Growth Funded by Debt
SIEMENS,Siemens Ltd,Sep 2011,2011,Liquidating Assets
SIEMENS,Siemens Ltd,Sep 2014,2014,Liquidating Assets
SIEMENS,Siemens Ltd,Sep 2015,2015,Liquidating Assets
SIEMENS,Siemens Ltd,Sep 2016,2016,Liquidating Assets
SIEMENS,Siemens Ltd,Sep 2017,2017,Liquidating Assets
SIEMENS,Siemens Ltd,Sep 2018,2018,Reinvestor
SIEMENS,Siemens Ltd,Sep 2019,2019,Shareholder Returns
SIEMENS,Siemens Ltd,Sep 2020,2020,Liquidating Assets
SIEMENS,Siemens Ltd,Sep 2021,2021,Shareholder Returns
SIEMENS,Siemens Ltd,Sep 2022,2022,Reinvestor
SIEMENS,Siemens Ltd,Sep 2023,2023,Reinvestor
SIEMENS,Siemens Ltd,Sep 2024,2024,Reinvestor
SUNPHARMA,Sun Pharmaceuticals Industries Ltd,Mar 2013,2013,Reinvestor
SUNPHARMA,Sun Pharmaceuticals Industries Ltd,Mar 2014,2014,Mixed
SUNPHARMA,Sun Pharmaceuticals Industries Ltd,Mar 2015,2015,Shareholder Returns
SUNPHARMA,Sun Pharmaceuticals Industries Ltd,Mar 2016,2016,Shareholder Returns
SUNPHARMA,Sun Pharmaceuticals Industries Ltd,Mar 2017,2017,Reinvestor
SUNPHARMA,Sun Pharmaceuticals Industries Ltd,Mar 2018,2018,Shareholder Returns
SUNPHARMA,Sun Pharmaceuticals Industries Ltd,Mar 2019,2019,Reinvestor
SUNPHARMA,Sun Pharmaceuticals Industries Ltd,Mar 2020,2020,Shareholder Returns
SUNPHARMA,Sun Pharmaceuticals Industries Ltd,Mar 2021,2021,Liquidating Assets
SUNPHARMA,Sun Pharmaceuticals Industries Ltd,Mar 2022,2022,Shareholder Returns
SUNPHARMA,Sun Pharmaceuticals Industries Ltd,Mar 2023,2023,Mixed
SUNPHARMA,Sun Pharmaceuticals Industries Ltd,Mar 2024,2024,Shareholder Returns
TATACONSUM,Tata Consumer Products Ltd,Mar 2013,2013,Cash Accumulator
TATACONSUM,Tata Consumer Products Ltd,Mar 2014,2014,Reinvestor
TATACONSUM,Tata Consumer Products Ltd,Mar 2015,2015,Shareholder Returns
TATACONSUM,Tata Consumer Products Ltd,Mar 2016,2016,Liquidating Assets
TATACONSUM,Tata Consumer Products Ltd,Mar 2017,2017,Liquidating Assets
TATACONSUM,Tata Consumer Products Ltd,Mar 2018,2018,Reinvestor
TATACONSUM,Tata Consumer Products Ltd,Mar 2019,2019,Liquidating Assets
TATACONSUM,Tata Consumer Products Ltd,Mar 2020,2020,Shareholder Returns
TATACONSUM,Tata Consumer Products Ltd,Mar 2021,2021,Shareholder Returns
TATACONSUM,Tata Consumer Products Ltd,Mar 2022,2022,Shareholder Returns
TATACONSUM,Tata Consumer Products Ltd,Mar 2023,2023,Shareholder Returns
TATACONSUM,Tata Consumer Products Ltd,Mar 2024,2024,Mixed
TATAMOTORS,Tata Motors Ltd,Mar 2013,2013,Shareholder Returns
TATAMOTORS,Tata Motors Ltd,Mar 2014,2014,Shareholder Returns
TATAMOTORS,Tata Motors Ltd,Mar 2015,2015,Mixed
TATAMOTORS,Tata Motors Ltd,Mar 2016,2016,Shareholder Returns
TATAMOTORS,Tata Motors Ltd,Mar 2017,2017,Mixed
TATAMOTORS,Tata Motors Ltd,Mar 2018,2018,Mixed
TATAMOTORS,Tata Motors Ltd,Mar 2019,2019,Mixed
TATAMOTORS,Tata Motors Ltd,Mar 2020,2020,Mixed
TATAMOTORS,Tata Motors Ltd,Mar 2021,2021,Mixed
TATAMOTORS,Tata Motors Ltd,Mar 2022,2022,Reinvestor
TATAMOTORS,Tata Motors Ltd,Mar 2023,2023,Shareholder Returns
TATAMOTORS,Tata Motors Ltd,Mar 2024,2024,Shareholder Returns
TATAPOWER,Tata Power Company Ltd,Mar 2013,2013,Shareholder Returns
TATAPOWER,Tata Power Company Ltd,Mar 2014,2014,Shareholder Returns
TATAPOWER,Tata Power Company Ltd,Mar 2015,2015,Shareholder Returns
TATAPOWER,Tata Power Company Ltd,Mar 2016,2016,Shareholder Returns
TATAPOWER,Tata Power Company Ltd,Mar 2017,2017,Mixed
TATAPOWER,Tata Power Company Ltd,Mar 2018,2018,Shareholder Returns
TATAPOWER,Tata Power Company Ltd,Mar 2019,2019,Shareholder Returns
TATAPOWER,Tata Power Company Ltd,Mar 2020,2020,Shareholder Returns
TATAPOWER,Tata Power Company Ltd,Mar 2021,2021,Liquidating Assets
TATAPOWER,Tata Power Company Ltd,Mar 2022,2022,Shareholder Returns
TATAPOWER,Tata Power Company Ltd,Mar 2023,2023,Mixed
TATAPOWER,Tata Power Company Ltd,Mar 2024,2024,Shareholder Returns
TATASTEEL,Tata Steel Ltd,Mar 2013,2013,Reinvestor
TATASTEEL,Tata Steel Ltd,Mar 2014,2014,Mixed
TATASTEEL,Tata Steel Ltd,Mar 2015,2015,Reinvestor
TATASTEEL,Tata Steel Ltd,Mar 2016,2016,Reinvestor
TATASTEEL,Tata Steel Ltd,Mar 2017,2017,Reinvestor
TATASTEEL,Tata Steel Ltd,Mar 2018,2018,Mixed
TATASTEEL,Tata Steel Ltd,Mar 2019,2019,Shareholder Returns
TATASTEEL,Tata Steel Ltd,Mar 2020,2020,Shareholder Returns
TATASTEEL,Tata Steel Ltd,Mar 2021,2021,Shareholder Returns
TATASTEEL,Tata Steel Ltd,Mar 2022,2022,Shareholder Returns
TATASTEEL,Tata Steel Ltd,Mar 2023,2023,Shareholder Returns
TATASTEEL,Tata Steel Ltd,Mar 2024,2024,Reinvestor
TCS,Tata Consultancy Services Ltd,Mar 2013,2013,Reinvestor
TCS,Tata Consultancy Services Ltd,Mar 2014,2014,Reinvestor
TCS,Tata Consultancy Services Ltd,Mar 2015,2015,Reinvestor
TCS,Tata Consultancy Services Ltd,Mar 2016,2016,Reinvestor
TCS,Tata Consultancy Services Ltd,Mar 2017,2017,Reinvestor
TCS,Tata Consultancy Services Ltd,Mar 2018,2018,Liquidating Assets
TCS,Tata Consultancy Services Ltd,Mar 2019,2019,Liquidating Assets
TCS,Tata Consultancy Services Ltd,Mar 2020,2020,Liquidating Assets
TCS,Tata Consultancy Services Ltd,Mar 2021,2021,Shareholder Returns
TCS,Tata Consultancy Services Ltd,Mar 2022,2022,Shareholder Returns
TCS,Tata Consultancy Services Ltd,Mar 2023,2023,Liquidating Assets
TCS,Tata Consultancy Services Ltd,Mar 2024,2024,Liquidating Assets
TECHM,Tech Mahindra Ltd,Mar 2013,2013,Mixed
TECHM,Tech Mahindra Ltd,Mar 2014,2014,Liquidating Assets
TECHM,Tech Mahindra Ltd,Mar 2015,2015,Reinvestor
TECHM,Tech Mahindra Ltd,Mar 2016,2016,Shareholder Returns
TECHM,Tech Mahindra Ltd,Mar 2017,2017,Shareholder Returns
TECHM,Tech Mahindra Ltd,Mar 2018,2018,Reinvestor
TECHM,Tech Mahindra Ltd,Mar 2019,2019,Shareholder Returns
TECHM,Tech Mahindra Ltd,Mar 2020,2020,Liquidating Assets
TECHM,Tech Mahindra Ltd,Mar 2021,2021,Shareholder Returns
TECHM,Tech Mahindra Ltd,Mar 2022,2022,Liquidating Assets
TECHM,Tech Mahindra Ltd,Mar 2023,2023,Shareholder Returns
TECHM,Tech Mahindra Ltd,Mar 2024,2024,Shareholder Returns
TITAN,Titan Company Ltd,Mar 2013,2013,Reinvestor
TITAN,Titan Company Ltd,Mar 2014,2014,Growth Funded by Debt
TITAN,Titan Company Ltd,Mar 2015,2015,Reinvestor
TITAN,Titan Company Ltd,Mar 2016,2016,Reinvestor
TITAN,Titan Company Ltd,Mar 2017,2017,Shareholder Returns
TITAN,Titan Company Ltd,Mar 2018,2018,Unknown
TITAN,Titan Company Ltd,Mar 2019,2019,Reinvestor
TITAN,Titan Company Ltd,Mar 2020,2020,Unknown
TITAN,Titan Company Ltd,Mar 2021,2021,Shareholder Returns
TITAN,Titan Company Ltd,Mar 2022,2022,Unknown
TITAN,Titan Company Ltd,Mar 2023,2023,Mixed
TITAN,Titan Company Ltd,Mar 2024,2024,Reinvestor
TORNTPHARM,Torrent Pharmaceuticals Ltd,Mar 2013,2013,Mixed
TORNTPHARM,Torrent Pharmaceuticals Ltd,Mar 2014,2014,Mixed
TORNTPHARM,Torrent Pharmaceuticals Ltd,Mar 2015,2015,Mixed
TORNTPHARM,Torrent Pharmaceuticals Ltd,Mar 2016,2016,Shareholder Returns
TORNTPHARM,Torrent Pharmaceuticals Ltd,Mar 2017,2017,Shareholder Returns
TORNTPHARM,Torrent Pharmaceuticals Ltd,Mar 2018,2018,Mixed
TORNTPHARM,Torrent Pharmaceuticals Ltd,Mar 2019,2019,Shareholder Returns
TORNTPHARM,Torrent Pharmaceuticals Ltd,Mar 2020,2020,Liquidating Assets
TORNTPHARM,Torrent Pharmaceuticals Ltd,Mar 2021,2021,Shareholder Returns
TORNTPHARM,Torrent Pharmaceuticals Ltd,Mar 2022,2022,Shareholder Returns
TORNTPHARM,Torrent Pharmaceuticals Ltd,Mar 2023,2023,Mixed
TORNTPHARM,Torrent Pharmaceuticals Ltd,Mar 2024,2024,Shareholder Returns
TRENT,Trent Ltd,Mar 2013,2013,Mixed
TRENT,Trent Ltd,Mar 2014,2014,Pre-Revenue
TRENT,Trent Ltd,Mar 2015,2015,Growth Funded by Debt
TRENT,Trent Ltd,Mar 2016,2016,Shareholder Returns
TRENT,Trent Ltd,Mar 2017,2017,Shareholder Returns
TRENT,Trent Ltd,Mar 2018,2018,Reinvestor
TRENT,Trent Ltd,Mar 2019,2019,Mixed
TRENT,Trent Ltd,Mar 2020,2020,Mixed
TRENT,Trent Ltd,Mar 2021,2021,Liquidating Assets
TRENT,Trent Ltd,Mar 2022,2022,Liquidating Assets
TRENT,Trent Ltd,Mar 2023,2023,Shareholder Returns
TRENT,Trent Ltd,Mar 2024,2024,Reinvestor
TVSMOTOR,TVS Motor Company Ltd,Mar 2013,2013,Shareholder Returns
TVSMOTOR,TVS Motor Company Ltd,Mar 2014,2014,Shareholder Returns
TVSMOTOR,TVS Motor Company Ltd,Mar 2015,2015,Mixed
TVSMOTOR,TVS Motor Company Ltd,Mar 2016,2016,Shareholder Returns
TVSMOTOR,TVS Motor Company Ltd,Mar 2017,2017,Shareholder Returns
TVSMOTOR,TVS Motor Company Ltd,Mar 2018,2018,Mixed
TVSMOTOR,TVS Motor Company Ltd,Mar 2019,2019,Growth Funded by Debt
TVSMOTOR,TVS Motor Company Ltd,Mar 2020,2020,Mixed
TVSMOTOR,TVS Motor Company Ltd,Mar 2021,2021,Mixed
TVSMOTOR,TVS Motor Company Ltd,Mar 2022,2022,Growth Funded by Debt
TVSMOTOR,TVS Motor Company Ltd,Mar 2023,2023,Growth Funded by Debt
TVSMOTOR,TVS Motor Company Ltd,Mar 2024,2024,Growth Funded by Debt
ULTRACEMCO,ULTRACEMCO,Mar 2013,2013,Mixed
ULTRACEMCO,ULTRACEMCO,Mar 2014,2014,Shareholder Returns
ULTRACEMCO,ULTRACEMCO,Mar 2015,2015,Shareholder Returns
ULTRACEMCO,ULTRACEMCO,Mar 2016,2016,Shareholder Returns
ULTRACEMCO,ULTRACEMCO,Mar 2017,2017,Shareholder Returns
ULTRACEMCO,ULTRACEMCO,Mar 2018,2018,Liquidating Assets
ULTRACEMCO,ULTRACEMCO,Mar 2019,2019,Liquidating Assets
ULTRACEMCO,ULTRACEMCO,Mar 2020,2020,Shareholder Returns
ULTRACEMCO,ULTRACEMCO,Mar 2021,2021,Shareholder Returns
ULTRACEMCO,ULTRACEMCO,Mar 2022,2022,Liquidating Assets
ULTRACEMCO,ULTRACEMCO,Mar 2023,2023,Shareholder Returns
ULTRACEMCO,ULTRACEMCO,Mar 2024,2024,Shareholder Returns
UNIONBANK,UNIONBANK,Mar 2013,2013,Growth Funded by Debt
UNIONBANK,UNIONBANK,Mar 2014,2014,Mixed
UNIONBANK,UNIONBANK,Mar 2015,2015,Growth Funded by Debt
UNIONBANK,UNIONBANK,Mar 2016,2016,Reinvestor
UNIONBANK,UNIONBANK,Mar 2017,2017,Growth Funded by Debt
UNIONBANK,UNIONBANK,Mar 2018,2018,Mixed
UNIONBANK,UNIONBANK,Mar 2019,2019,Growth Funded by Debt
UNIONBANK,UNIONBANK,Mar 2020,2020,Growth Funded by Debt
UNIONBANK,UNIONBANK,Mar 2021,2021,Shareholder Returns
UNIONBANK,UNIONBANK,Mar 2022,2022,Shareholder Returns
UNIONBANK,UNIONBANK,Mar 2023,2023,Reinvestor
UNIONBANK,UNIONBANK,Mar 2024,2024,Shareholder Returns
UNITDSPR,UNITDSPR,Mar 2013,2013,Reinvestor
UNITDSPR,UNITDSPR,Mar 2014,2014,Growth Funded by Debt
UNITDSPR,UNITDSPR,Mar 2015,2015,Unknown
UNITDSPR,UNITDSPR,Mar 2016,2016,Liquidating Assets
UNITDSPR,UNITDSPR,Mar 2017,2017,Shareholder Returns
UNITDSPR,UNITDSPR,Mar 2018,2018,Liquidating Assets
UNITDSPR,UNITDSPR,Mar 2019,2019,Shareholder Returns
UNITDSPR,UNITDSPR,Mar 2020,2020,Shareholder Returns
UNITDSPR,UNITDSPR,Mar 2021,2021,Shareholder Returns
UNITDSPR,UNITDSPR,Mar 2022,2022,Shareholder Returns
UNITDSPR,UNITDSPR,Mar 2023,2023,Reinvestor
UNITDSPR,UNITDSPR,Mar 2024,2024,Liquidating Assets
VBL,VBL,Dec 2012,2012,Mixed
VBL,VBL,Dec 2013,2013,Mixed
VBL,VBL,Dec 2014,2014,Mixed
VBL,VBL,Dec 2015,2015,Shareholder Returns
VBL,VBL,Dec 2016,2016,Mixed
VBL,VBL,Dec 2017,2017,Mixed
VBL,VBL,Dec 2018,2018,Shareholder Returns
VBL,VBL,Dec 2019,2019,Mixed
VBL,VBL,Dec 2020,2020,Shareholder Returns
VBL,VBL,Dec 2021,2021,Shareholder Returns
VBL,VBL,Dec 2022,2022,Shareholder Returns
VBL,VBL,Dec 2023,2023,Mixed
VEDL,VEDL,Mar 2013,2013,Mixed
VEDL,VEDL,Mar 2014,2014,Shareholder Returns
VEDL,VEDL,Mar 2015,2015,Reinvestor
VEDL,VEDL,Mar 2016,2016,Reinvestor
VEDL,VEDL,Mar 2017,2017,Liquidating Assets
VEDL,VEDL,Mar 2018,2018,Liquidating Assets
VEDL,VEDL,Mar 2019,2019,Shareholder Returns
VEDL,VEDL,Mar 2020,2020,Reinvestor
VEDL,VEDL,Mar 2021,2021,Shareholder Returns
VEDL,VEDL,Mar 2022,2022,Shareholder Returns
VEDL,VEDL,Mar 2023,2023,Shareholder Returns
VEDL,VEDL,Mar 2024,2024,Shareholder Returns
WIPRO,WIPRO,Mar 2013,2013,Shareholder Returns
WIPRO,WIPRO,Mar 2014,2014,Reinvestor
WIPRO,WIPRO,Mar 2015,2015,Reinvestor
WIPRO,WIPRO,Mar 2016,2016,Reinvestor
WIPRO,WIPRO,Mar 2017,2017,Shareholder Returns
WIPRO,WIPRO,Mar 2018,2018,Liquidating Assets
WIPRO,WIPRO,Mar 2019,2019,Liquidating Assets
WIPRO,WIPRO,Mar 2020,2020,Liquidating Assets
WIPRO,WIPRO,Mar 2021,2021,Liquidating Assets
WIPRO,WIPRO,Mar 2022,2022,Mixed
WIPRO,WIPRO,Mar 2023,2023,Shareholder Returns
WIPRO,WIPRO,Mar 2024,2024,Liquidating Assets
ZOMATO,ZOMATO,Mar 2020,2020,Distress Signal
ZOMATO,ZOMATO,Mar 2021,2021,Growth Funded by Debt
ZOMATO,ZOMATO,Mar 2022,2022,Growth Funded by Debt
ZOMATO,ZOMATO,Mar 2023,2023,Unknown
ZOMATO,ZOMATO,Mar 2024,2024,Shareholder Returns
ZYDUSLIFE,ZYDUSLIFE,Mar 2013,2013,Mixed
ZYDUSLIFE,ZYDUSLIFE,Mar 2014,2014,Shareholder Returns
ZYDUSLIFE,ZYDUSLIFE,Mar 2015,2015,Reinvestor
ZYDUSLIFE,ZYDUSLIFE,Mar 2016,2016,Reinvestor
ZYDUSLIFE,ZYDUSLIFE,Mar 2017,2017,Mixed
ZYDUSLIFE,ZYDUSLIFE,Mar 2018,2018,Mixed
ZYDUSLIFE,ZYDUSLIFE,Mar 2019,2019,Mixed
ZYDUSLIFE,ZYDUSLIFE,Mar 2020,2020,Shareholder Returns
ZYDUSLIFE,ZYDUSLIFE,Mar 2021,2021,Shareholder Returns
ZYDUSLIFE,ZYDUSLIFE,Mar 2022,2022,Reinvestor
ZYDUSLIFE,ZYDUSLIFE,Mar 2023,2023,Liquidating Assets
ZYDUSLIFE,ZYDUSLIFE,Mar 2024,2024,Reinvestor
